Judul,Konten
"Survei Capres POLSTAT: Prabowo 33%, Ganjar 20,6%, Anies 19,4%","Elektabilitas Ketum Gerindra Prabowo Subianto unggul dari dua calon kuat lainnya, Ganjar Pranowo dan Anies Baswedan, berdasarkan hasil survei terbaru POLSTAT."
"Hasil Musra Relawan Jokowi di Sultra: Airlangga Tertinggi, Disusul Prabowo",Musra Relawan Jokowi di Sultra telah selesai digelar. Ketua Umum Golkar Airlangga unggul dala pemilihan calon presiden harapan rakyat.
Survei Litbang Kompas: Ridwan Kamil Dominan di Figur Capres Alternatif,Gubernur Jawa Barat Ridwan Kamil unggul dominan di survei figur capres alternatif.
"Puncak Kubah Masjid Grha Bung Karno Klaten Rusak, Padahal Belum Diresmikan",Puncak kubah masjid di kompleks Grha Bung Karno yang dibangun Pemkab Klaten rusak sebelum diresmikan. Hiasan pada puncak kubah tersebut miring.
"Belum Diresmikan, Puncak Kubah Masjid Grha Bung Karno Klaten Rusak",Puncak kubah masjid di kompleks Grha Bung Karno yang dibangun Pemkab Klaten dengan dana Rp 90 miliar rusak sebelum diresmikan.
"Capres Minus Legasi, Koalisi Butuh Legitimasi","Dalam sirkuit regenerasi kepemimpinan nasional, setiap calon pemimpin dan/atau pemimpin yang duduk di singgasana kekuasaan pasti ada legasi sosial dan politik."
"RK, Erick Thohir dan Ganjar Jadi 3 Besar Cawapres Terkuat Survei SPIN","Survei dan Polling Indonesia (SPIN) merilis hasil survei cawapres menjelang Pemilu 2024 dengan tiga besar diisi Ridwan Kamil, Erick Thohir, dan Ganjar Pranowo."
"Survei Capres 2024 SPIN: Prabowo 33%, Ganjar 20,6% dan Anies 20%",Ketua Umum (Ketum) Partai Gerindra Prabowo Subianto keluar menjadi tokoh yang memiliki elektabilitas tertinggi dalam survei capres 2024 versi SPIN.
"Ada Capres Dukungan Jokowi Absen Harlah PPP, PPI: Jelas Bukan Anies","Jokowi menyebut nama capres dan cawapres di antaranya Prabowo hingga AHY di Harlah PPP. Ada nama yang disebut Jokowi tidak hadir di acara itu, siapa sosoknya?"
Puan Dorong Penguatan Kerja Sama RI-Inggris di Berbagai Bidang,Ada sejumlah hal yang menjadi pembahasan antara pimpinan parlemen dua negara tersebut. Salah satunya Puan berharap tidak ada diskriminasi produk Indonesia.
Puan Ajak Negara Muslim Promosikan Kolaborasi dan Solidaritas,Ketua DPR RI Puan Maharani mengatakan negara muslim harus dapat mempromosikan kolaborasi dan solidaritas yang lebih besar.
Puan Tegaskan Komitmen Atasi Perubahan Iklim ke Presiden Majelis Umum PBB,Ketua DPR RI Puan Maharani melakukan pertemuan bilateral dengan Presiden Majelis Umum PBB atau United Nations General Assembly (UNGA) Csaba Korosi.
"Canda Masinton Gabung Fans Klubnya Puan Maharani, Apa Itu?",Anggota DPR Fraksi PDIP Masinton Pasaribu berkelakar pihaknya bergabung menjadi fans klub Puan Maharani.
"JoMan Dukung Prabowo, Bambang Pacul Singgung soal Dewan Kopral",Relawan JoMan berpaling dari Ganjar Pranowo dan mendukung Prabowo. Ketua Bappilu PDIP Bambang Pacul menyinggung soal dewan kopral yang pernah digaungkan JoMan.
Puan: Kemajuan di Negara Muslim Sangat Dipengaruhi oleh Perempuan,Ketua DPR RI Puan Maharani menilai partisipasi perempuan di berbagai bidang kehidupan di negara-negara Islam perlu ditingkatkan.
Puan Ajak Negara Anggota OKI Aktif Jaga Perdamaian Dunia,Puan Maharani mengajak negara-negara muslim untuk menjaga perdamaian dunia.
Puan Apresiasi NU Bangkitkan Kekuatan Perempuan Lewat 'NU Women',Langkah NU membangkitkan gerakan perempuan melalui NU Women dinilai sesuai dengan tantangan zaman.
Koalisi Masyarakat Sipil di Jabar Desak UU Perlindungan PRT Disahkan,Sejumlah orang menggelar aksi unjuk rasa di depan kantor DPRD Jabar. Mereka mendesak agar Undang-undang Perilindungan Pekerja Rumah Tangga disahkan.
Puan Ajak WNI di AS Cegah Polarisasi Jelang Pemilu 2024,Puan berharap apa yang disampaikannya dapat menjadi refleksi bersama dalam upaya memajukan kesejahteraan rakyat Indonesia.
"Usai Kunjungi NasDem Tower, Ketum Joman Umumkan Capres Jagoannya Besok",Ketua Umum Relawan Jokowi Mania (JoMan) Immanuel Ebenezer atau Noel menyebut pihaknya bakal mengumumkan capres usai kunjungi NasDem Tower.
Puan Sebut Kemajuan Negara Islam Tak Lepas dari Peran Perempuan,Kemajuan pembangunan dapat terwujud jika kaum perempuan diberi kesempatan untuk berkontribusi dalam proses pembangunan.
"Farhat Abbas Mundur dari Ketum Partai Pandai, Mau Maju Jadi Anggota DPD",Farhat Abbas mengundurkan diri dari jabatan Ketua Umum Partai Pandai. Farhat Abbas ingin maju sebagai calon anggota DPD RI Dapil Sulawesi Tengah (Sulteng).
Safari Politik Puan di Bulan Maret: Bertemu Zulhas dan Mardiono,"Ketua DPP PDI Perjuangan Puan Maharani disebut akan bertemu dengan Ketum PAN, Zulkifli Hasan dan Plt Ketum PPP, Muhamad Mardiono."
Pesan Puan Jelang Tahun Politik: Jurnalisme Sehat-Bermutu Diperlukan,"Ketua DPR Puan Maharani menyoroti sejumlah hal dalam menyambut tahun politik di 2024 mendatang. Salah satunya, peran krusial pers di era kemajuan informasi ini."
"Survei Capres Populi Center: Ganjar Teratas, Disusul Prabowo dan Anies","Lembaga survei Populi Center merilis survei elektabilitas capres di 2024. Hasilnya, Ganjar berlektabilitas 19,8%, Prabowo Subianto 17,1% dan Anies 10,8%."
"Lanjut Safari Politik, Puan Temui Zulhas dan Mardiono Awal Maret",Ketua DPP PDIP Puan Maharani masih belum tuntas bersafari politik. Dia selanjutnya akan bertemu dengan Ketum PAN Zulhas dan dengan Plt Ketum PPP Mardiono.
"Soroti Peran Krusial Pers, Puan: Teruslah Bekerja Secara Profesional","Ketua DPR RI Puan Maharani menyoroti peran krusial pers. Menurutnya, pers nasional harus semakin menguatkan posisinya sebagai clearing house."
"GP Mania Bubar, Relawan Prabowo Siap Buka Pintu",Relawan Ganjar Pranowo dengan sebutan Ganjar Pranowo (GP) Mania resmi membubarkan diri. Relawan Prabowo membuka pintu bila GP Mania mau dukung Prabowo.
"Studi SMRC: Jika PDIP Tak Berkoalisi, Ganjar-Puan Bisa Kalah","Studi SMRC mengungkap jika PDIP tidak berkoalisi di Pilpres 2024, pasangan Ganjar-Puan bisa kalah. Kenapa?"
Puan Sebut RI Jadi Contoh Islam & Demokrasi Dapat Berjalan Seiring,Ketua DPR RI Puan Maharani menekankan keislaman dan demokrasi dapat berjalan beriringan. Indonesia merupakan salah satu bukti nyatanya.
Puan Bicara soal Tantangan Global yang Harus Diatasi Negara Muslim,"Adapun tantangan tersebut mulai dari perang, kerawanan energi dan air, inflasi tinggi, hingga meningkatnya ancaman perubahan iklim."
Di Balik GP Mania Relawan Ganjar Kini Bubarkan Diri,Relawan Ganjar Pranowo (GP) Mania batal mendukung Gubernur Jawa Tengah tersebut di 2024. Kelompok relawan itu kini telah resmi bubar.
"Batal Dukung Ganjar, Ketum JoMan Kini Pertimbangkan Anies, Puan, atau Prabowo",GP Mania batal mendukung Ganjar Pranowo. Ketum JoMan Immanuel Ebenezer atau Noel mengaku masih mempertimbangkan kepada siapa akan mengalihkan dukungannya.
"Resmi Bubarkan GP Mania, Ketum JoMan Pertimbangkan Dukung Prabowo-Anies",GP Mania batal mendukung Ganjar dan membubarkan diri. Ketum JoMan Noel mengaku masih mempertimbangkan dukung Prabowo hingga Anies di Pilpres 2024.
Pesan Puan ke Insan Pers: Hadirkan Jurnalisme Sehat dan Bermartabat,Dia pun mendorong masyarakat untuk mendukung jurnalisme yang sehat dan berkualitas demi kemajuan pers nasional.
Puan Nilai Reformasi Politik Punya Dampak Kuat Majukan Negara Muslim,"Menurut Puan, reformasi politik di negara-negara muslim merupakan pendorong yang menentukan bagi perubahan mendasar menuju perbaikan lebih lanjut."
"Fatamorgana Kekuasaan Kepala Desa, Kepentingan Siapa?","Selain mengagetkan publik, banyak pihak juga mengkhawatirkan bahwa perpanjangan masa jabatan kepala desa akan merusak iklim demokrasi di tingkat desa."
NasDem Sambut Safari Politik Puan: Tensi Politik Turun Keniscayaan,Partai NasDem menyambut rencana Puan Maharani yang akan safari politik pada awal Maret. Safari politik dinilai merupakan langkah yang bagus.
"Puan Akan Gencar Safari Politik, Demokrat: Kami Apresiasi-Sambut Baik",Ketua DPP PDIP Puan Maharani akan gencar safari politik bertemu pimpinan partai politik di Maret. Partai Demokrat memberi apresiasi dan akan menyambut baik.
"Hasil Musra Jateng, Ganjar Unggul Tipis dari Prabowo sebagai Capres",Hasil Musyawarah Rakyat (Musra) XVII di Jawa Tengah yang digelar Sabtu (4/2) lalu di Semarang sudah keluar. Ada nama Ganjar Pranowo hingga Prabowo Subianto.
Elite PDIP: Puan Mau Nyaleg atau Nyapres Itu Hak Megawati,"Ketua DPP PDI Perjuangan, Said Abdullah mengatakan Puan Maharani akan maju caleg atau calon presiden di 2024 adalah hak Megawati."
PDIP Tunggu Arahan Megawati soal Keputusan Puan Caleg atau Capres,Said lalu menyampaikan tidak ada status anak emas di PDI Perjuangan. Dia menyebut semua kader memiliki hak dan tugas yang sama.
Pesan Puan untuk 1 Abad NU: Terus Warnai Dunia dengan Wajah Kemanusiaan,Ketua DPR RI Puan Maharani mengucapkan selamat kepada Nahdlatul Ulama (NU) yang kini telah berusia 100 tahun.
"Puan: Perempuan Semakin Berdaya, Semakin Cepat Indonesia Maju",Ketua DPR RI Puan Maharani mengajak perempuan agar semakin berdaya demi mewujudkan Indonesia yang lebih maju.
Bursa Capres di Musra Jateng: Ganjar dan Prabowo Banyak Diusulkan,Musra XVII Jateng mengungkap hasil musranya. Ganjar Prabowo dan Prabowo Subianto menjadi nama yang paling banyak diusulkan.
"PDIP Dinilai Hattrick Jika Pilih Capres Populer, Puan Bisa Wujudkan?",Apakah sosok Puan Maharani bisa membawa PDIP hattrick dalam pemilu? Puan merupakan salah satu tokoh di PDIP yang berpotensi maju Pilpres 2024.
Siap-siap! Mulai Bulan Ini Puan Akan Gencar Bertemu Ketum Parpol,"Ketua DPP PDIP, Said Abdullah menyebut Puan Maharani akan melakukan safari politik dengan bertemu ketum partai politik mulai bulan ini."
PDIP Ungkap Puan Akan Safari Politik Bulan Ini dan Beri Kejutan di Maret,Said meminta semua pihak menunggu kejutan yang akan diberikan. Dia mengatakan kejutan itu akan diumumkan langsung oleh Puan.
"Survei Capres PWS: Prabowo Tembus 31 Persen, Ganjar-Anies Beda Tipis","Survei PWS menunjukkan elektabilitas Prabowo Subianto menembus angka di atas 30 persen, sedangkan Ganjar Pranowo dan Anies Baswedan menyusul."
"Prediksi Pilpres 2 Putaran, SMRC: Ganjar Lebih Unggul dari Anies",Lembaga survei Saiful Mujani Research and Consulting (SMRC) memprediksi Ganjar Pranowo dan Anies Baswedan akan masuk dalam putaran kedua Pilpres 2024.
"Hasil Musra Relawan Jokowi di Jogja: Capres Prabowo, Cawapres Mahfud",Musra relawan Jokowi XVI selesai digelar di Jogja. Hasilnya Prabowo Subianto menjadi calon presiden favorit berdasarkan pemilih Musra Jogja.
Hasil Musra Jokowi di Jogja: Prabowo Capres-Mahfud Md Cawapres,Prabowo dan Mahfud Md menempati posisi puncak dalam Gelaran Musyawarah Rakyat (Musra) Indonesia relawan Joko Widodo (Jokowi) XVI di Jogja.
Megawati dan Anak Muda,"Megawati mengajarkan kesabaran revolusioner dalam perjuangan dan kerja keras, dengan semangat api nan tak kunjung padam, dengan gotong royong dan persatuan."
"Musyawarah Relawan Jokowi di Jogja Berakhir, Ini Capres-Cawapres Favoritnya",Musyawarah Rakyat Relawan Jokowi di Jogja selesai digelar. Berikut hasil lengkap musyawarah tersebut.
"Komisi I DPR Rampung Uji Kelayakan 13 Calon Dubes, Hasilnya Rahasia",Komisi I DPR telah menggelar uji kelayakan dan kepatutan 13 calon Duta Besar Luar Biasa dan Berkuasa Penuh (Duta Besar LBBP) RI untuk negara sahabat.
Kala Megawati Mencari dan Menggandeng Gibran Rakabuming,Momen Megawati menggandeng tangan Wali Kota Solo Gibran Rakabuming Raka di Semarang cukup menarik perhatian publik. Gibran pun mengaku sempat dicari Megawati.
Gibran Tak Merasa Istimewa Meski Sudah 2 Kali Digandeng Megawati,Gibran dua kali digandeng Megawati Soekarnoputri dalam dua kesempatan berbeda. Namun Gibran menolak disebut diistimewakan oleh Megawati.
"Gandengan Mega Dinilai Jadi Sinyal Tak Boleh Diganggu, Gibran Bilang Begini",Pakar UNS menilai gandengan Megawati Soekarnoputri ke Walkot Solo Gibran Rakabuming menjadi sinyal agar kader PDIP tak boleh macam-macam. Apa jawaban Gibran?
"Bertemu Ketua Parlemen Aljazair, Puan Ajak Promosi Islam yang Damai",Pertemuan Puan dan Ibrahim sendiri digelar di sela-sela agenda Parliamentary Union of the OIC (PUIC).
"Di Forum Parlemen OKI, Puan Singgung Isu Palestina-Partisipasi Perempuan",Puan mengungkapkan saat ini negara-negara muslim dihadapkan dengan berbagai tantangan global yang harus diatasi bersama.
"2 Kali Gibran Digandeng Megawati, Pakar UNS: Sinyal Tak Boleh Diganggu!",Dua kali Wali Kota Solo Gibran Rakabuming Raka menggandeng tangan Ketum PDIP Megawatir. Begini analisas pakar psikologi politik Universitas Sebelas Maret (UNS).
Melihat 2 Momen Gandeng Tangan Megawati dan Gibran Rakabuming,Tangan Wali Kota Solo Gibran Rakabuming Raka tercatat sudah dua kali digandeng Ketum PDIP Megawati Soekarnoputri. Berikut kedua momennya.
"Raih Gelar Doktor, Disertasi Bamsoet Banjir Pujian dari Sejumlah Tokoh",Ketua MPR RI mengapresiasi dukungan dari berbagai pihak atas keberhasilannya meraih gelar Doktor bidang Ilmu Hukum dari Fakultas Hukum Universitas Padjajaran.
"Megawati Sudah Punya Capres, PDIP: Pengumuman Tinggal Tunggu Momentum",Sekjen PDIP Hasto Kristiyanto mengatakan Ketum PDIP Megawati telah mengantongi nama capres usungan partainya untuk Pilpres 2024. Berikut pernyataan Hasto.
"Sudah Kantongi Nama, Megawati Tunggu Momentum Umumkan Capres","Ketum PDIP Megawati Soekarnoputri sudah mengantongi nama capres. Sekjen PDIP Hasto Kristiyanto pun menegaskan, PDIP tinggal menunggu saat yang tepat."
"Megawati Sudah Punya Capres, Pengumuman Tinggal Tunggu Momentum",Megawati Soekarnoputri telah mengantongi nama capres usungan partainya. PDIP menyebut pihaknya tinggal menunggu momentum tepat untuk mengumumkannya.
"Bupati Klaten-Sukoharjo Belum Setuju Tol Lingkar Solo, Gibran Ajak Berunding",Gibran menyebut rencana pembangunan proyek Jalan Tol Lingkar Solo akan dimulai pada 2025. Namun masih ada dua bupati tetangga yang belum setuju.
"Paloh Bertemu Jokowi, PDIP: Sebelum Reshuffle Kan Ada Pemberitahuan",Ketum Partai NasDem Surya Paloh bertemu dengan Presiden Jokowi di Istana Negara kemarin. PDIP menyebut pertemuan berkaitan dengan reshuffle kabinet.
"PDIP dan PBB Buka Peluang Koalisi, Duet Puan-Yusril di Tangan Megawati",Partai Bulan dan Bintang (PBB) mewacanakan untuk berkoalisi dengan PDI Perjuangan (PDIP) di Pilpres 2024. Duetkan Puan dan Yusril di Pilpres 2024?
"PDIP Sambut PBB, Minta Tunggu Megawati soal Usulan Duet Puan-Yusril","""Kalau sudah berkaitan dengan capres dan cawapres, maka ketua umum partailah yang oleh kongres diberikan kewenangan untuk memutuskan,"" kata Hasto Kristiyanto."
"Mau Koalisi PDIP, Sekjen PBB Unggah Poster Duet Puan dan Yusril!",Partai Bulan Bintang (PBB) mendorong duet Ketua DPR sekaligus Ketua DPP PDIP Puan Maharani dan Ketum PBB Yusril Ihza Mahendra di Pilpres 2024.
"Investasi Rp 246 M, Perusahaan Suami Puan Resmi Garap Blok Migas Jabung Tengah",Kementerian ESDM hari ini resmi melakukan dua penandatanganan kontrak kerja sama wilayah kerja minyak dan gas (migas).
"Musra Relawan Jokowi di Kalsel: Airlangga Capresnya, Mahfud Cawapres",Gabungan relawan Presiden Joko Widodo (Jokowi) selesai menggelar Musyawarah Rakyat (Musra) XV di Kalimantan Selatan.
Sistem Proporsional Tertutup Selamatkan Marwah Parpol?,Pilihan untuk mendukung sistem pemilu proporsional tertutup seolah hendak membuktikan bahwa partai bisa memberikan kontribusi besar dalam iklim demokrasi.
Momen Bamsoet Ikut Simulasi Perang-Jadi Warga Kehormatan Marinir,Bamsoet merupakan Warga Kehormatan Marinir ke-41 sekaligus menjadi Ketua MPR RI pertama yang menyandang gelar tersebut.
"Jadi Warga Kehormatan Marinir, Kapolri: Soliditas TNI-Polri Makin Kokoh",Kapolri Jenderal Listyo Sigit mengatakan pengangkatan sebagai warga kehormatan Korps Marinir menjadi kebanggaan untuk dirinya dan institusi Polri.
Puan Diangkat Jadi Warga Kehormatan dengan Rangkaian Simulasi Perang,Prosesi pemberian penghargaan kepada Puan itu dilakukan di bibir pantai Pulau Damar. Ia menerima brevet Warga Kehormatan Marinir di atas tank amfibi.
Kapolri Diangkat Jadi Warga Kehormatan Marinir: Kebanggaan buat Saya dan Polri,Kapolri Jenderal Listyo Sigit Prabowo diangkat sebagai warga kehormatan Kops Marinir TNI Angkatan Laut (AL).
Politik Lato-Lato,Politik Indonesia saat ini tak ubahnya mirip seperti lato-lato; ada benturan-benturan yang terjadi di antara para tokoh dan partai politik.
Momen Prabowo Melayat ke Rumah Duka Ayah Kepala BIN Budi Gunawan,"Prabowo melayat ke rumah duka Letkol (Purn) H Soedarno Hendroto bin Mustahal, ayah Kepala BIN Budi Gunawan. Prabowo menyampaikan dukacita ke Budi Gunawan."
"Unggah Foto Lawas, Prabowo Ucapkan Selamat Ultah ke Megawati",Ucapan selamat ulang tahun (ultah) untuk Megawati disampaikan Prabowo di akun Instagram resminya. Prabowo mengunggah foto lawas bersama Megawati.
"Megawati Ultah ke-76, 3 Orang Ini Diberi Potongan Kue",Ketua Umum PDIP Megawati Soekarnoputri berulang tahun ke-76 hari ini. Ada tiga orang yang diberikan potongan kue oleh Presiden ke-5 RI itu.
"Doa Tatam, Nanan, dan Puan untuk Megawati di Hari Ulang Tahun ke-76","Rizki Pratama atau Tatam, M Prananda Prabowo atau Nanan, dan Puan Maharani memanjatkan doa terbaik kepada sang ibunda yang berulang tahun hari ini."
"Momen Spesial Syukuran Ultah ke-76, Megawati Nyanyi Lagu 'My Way'",Ada momen spesial di balik acara syukuran ulang tahun ke-76 Megawati Soekarnoputri hari ini. Megawati membawakan lagu berjudul 'My Way' dari Frank Sinatra.
"Potongan Kue Pertama Ultah Mega untuk Pramono, Ketiga untuk Menteri Basuki",Megawati Soekarnoputri memberikan potongan kue ulang tahunnya yang ke-76 kepada tiga orang spesial. Siapa saja?
Kata Ganjar soal Keakraban dengan Puan saat Bertemu di Solo,"Ganjar Pranowo membeberkan soal keakrabannya dengan Puan Maharani saat di Solo, Jawa Tengah. Ganjar mengaku sering mengobrol dengan Puan saat bersua."
"Kader PDIP Ucapkan Selamat Ultah ke Megawati, Ada Puan, Ganjar hingga Ahok",Ketum PDIP Megawati Soekarnoputri berulang tahun yang ke-76 har ini. Sejumlah kader PDIP pun memberikan ucapan selamat ulang tahun ke Megawati.
"Soal Keakrabannya dengan Puan di Solo, Ganjar: Ketemu Yo Ngobrol","Gubernur Jateng Ganjar Pranowo merespons pernyataan Yenny Wahid yang mengungkap keakraban dirinya dengan Ketua DPR RI Puan Maharani di Puro Mangkunegaran, Solo."
"Peta Kekuatan Ganjar, Prabowo dan Anies di Survei Capres, Siapa Paling Unggul?","Ganjar Pranowo, Prabowo Subianto dan Anies Baswedan bersaing ketat dalam hasil survei Capres 2024. Berikut peta kekuatan tiga nama itu."
Hensat Ulas Maksud Anies Berkaus 'Abdi Nu Ngider Naha Anjeun Nu Keder',"Anies Baswedan mengenakan kaus 'Abdi Nu Ngider, Naha Anjeun Nu Keder' saat ke Kabupaten Bandung. Anies dinilai tengah menyampaikan komunikasi politik."
Peta Kekuatan 3 Capres Terkuat di Awal 2023 dari 5 Survei Terhangat,"Terdapat 5 lembaga survei yang merilis penelitiannya soal kekuatan Capres. Mereka menggambarkan bagaimana persaingan antara Ganjar, Prabowo, dan Anies Baswedan."
"Terbaru di Solo, Ini 3 Momen Keakraban Ganjar dan Puan","Ganjar dan Puan terlihat terus menunjukkan keakrabannya di momen-momen belakangan. Terbaru, keakraban keduanya tampak di acara Porseni NU di Solo, Jawa Tengah."
"Survei Capres 2024 LSI: Ganjar Unggul, Prabowo dan Anies Saling Kejar","LSI merilis hasil simulasi Pilpres 2024. Hasilnya, Ganjar Pranowo mengungguli hasil survei sementara Prabowo dan Anies saling kejar."
"Momen Jokowi, Puan hingga Ganjar Ikut Jalan Sehat Porseni NU di Solo","Presiden Jokowi ditemani Ibu Negara Irana Joko Widodo hingga Puan Maharani dan Ganjar Pranowo, mengikuti jalan sehat Porseni Nahdlatul Ulama di Solo."
Yenny Wahid saat Cerita Lihat Ganjar-Puan Akrab: Suasana Jadi Adem,"""Terlihat akrab (Ganjar dan Puan), terlihat kepanasan juga semua orang,"" kata Yenny, Minggu di Puro Mangkunegaran, Solo."
"Yenny Wahid Cerita Akrabnya Ganjar dan Puan di Solo, Seperti Apa?",Yenny Wahid mengaku senang melihat keakraban Ganjar dan Puan dalam acara jalan sehat Porseni NU di Solo. Seperti apa momennya?
"Ikut Jalan Sehat Porseni NU, Puan: Nahdliyin Sehat, NU Semakin Kuat","Ketua DPR RI Puan Maharani mengikuti acara jalan sehat Porseni Nahdlatul Ulama (NU) bersama Presiden Joko Widodo di Solo, Jawa Tengah."
Momen Akrab Ganjar dan Puan saat Jalan Sehat di Solo Diungkap Yenny,"Yenny Wahid, mengungkapkan rasa senangnya melihat keakraban antara Ganjar Pranowo dengan Puan Maharani saat menghadiri acara jalan sehat di Solo."
Gemasnya Jan Ethes Cerita Takut Lihat Barongsai karena Gede,"Cucu pertama Presiden Joko Widodo, Jan Ethes Srinarendra, mengikuti jalan sehat Porseni NU di Solo. Dalam momen itu Ethes sempat bercerita tentang barongsai."
"Ditemani Ganjar-Puan-Erick, Jokowi Hadiri Jalan Sehat Porseni NU di Solo",Presiden Joko Widodo ditemani oleh ibu negara Iriana Joko Widodo Ketua DPR RI Puan Maharani membuka jalan sehat dalam rangka 1 abad NU di Solo.
Jokowi Jalan Sehat 1 Abad NU di Solo Bareng Puan hingga Ganjar,Presiden Joko Widodo (Jokowi) melakukan jalan sehat dalam rangka menuju satu abad Nahdlatul Ulama (NU). Jokowi jalan sehat bersama sejumlah tokoh nasional.
"Gibran: Jokowi, Puan dan Ganjar Hadiri Jalan Sehat Porseni NU Besok Pagi","Wali Kota Solo Gibran Rakabuming Raka memastikan Presiden Jokowi, Puan, dan Ganjar akan menghadiri jalan sehat Porseni NU di Kota Solo, Minggu (22/1)."
Ketua DPR Tak Akan Buru-buru Sahkan RUU PPRT Meski Jadi Prioritas Jokowi,Ketua DPR Puan Maharani merespons permintaan Presiden Jokowi agar RUU PPRT segera disahkan. Puan mengatakan DPR tak akan buru-buru mengesahkan RUU PPRT.
Puan Bicara Isu Reshuffle: Presiden yang Tentukan Kapan Hari Baiknya,Ketua DPR Puan Maharani berkomentar terkait isu reshuffle yang kembali mencuat. Puan mengatakan Presiden Jokowi akan menentukan hari baik.
"Puan soal Reshuffle Kabinet: Prerogatif Jokowi, Parpol Boleh Ingatkan",Ketua DPR RI Puan Maharani menanggapi isu reshuffle kabinet yang belakangan tengah mencuat. Puan mengatakan reshuffle merupakan hak prerogatif presiden.
Puan soal Capres PDIP: Kami Tunggu Apa yang Jadi Pilihan Ketum,Puan Maharani mengatakan semua kader boleh punya pilihan terkait nama capres PDIP. Namun Puan menegaskan yang akan menentukan capres PDIP adalah Megawati.
Legislator PDIP Kawal Kasus Pemerkosaan Anak di Brebes: Harus Diproses Hukum,Anggota Fraksi PDIP Paramitha Widya akan mengawal kasus pemerkosaan yang dilakukan 6 pria terhadap anak di Brebes agar pelaku diproses hukum.
"Bertemu Ketua Parlemen Korsel, Jokowi Minta Dukungan Keketuaan RI di ASEAN",Jokowi didampingi Puan Maharani bertemu dengan Ketua Parlemen Korsel Kim Jin-pyo. Pertemuan itu membahas peningkatan kerja sama kedua negara.
"Jokowi & Puan Terima Kunjungan Ketua Parlemen Korsel, Bahas Apa?",Joko Widodo bersama Ketua DPR RI Puan Maharani menerima kunjungan Ketua Majelis Nasional Korea Selatan Kim Jin-pyo.
"Hasil Musra Relawan Jokowi di Jatim: Ganjar Teratas, Prabowo Runner Up","Musra relawan Presiden Jokowi di Jawa Timur selesai digelar. Hasilnya, Gubernur Jawa Tengah Ganjar Pranowo unggul di kategori capres harapan rakyat."
"Intip Fasilitas Grha Bung Karno Klaten Rp 90 M, Berdaya Tampung 3.000 Orang",Grha Bung Karno yang dibangun Pemkab Klaten dengan anggaran Rp 90 miliar terus dibenahi untuk beroperasi. Berbagai fasilitas disiapkan untuk kegiatan publik.
"Namanya Mencuat di Bursa Capres KIB, Ganjar: Kata Siapa?","Nama Ganjar disebut menjadi salah satu yang dipertimbangkan sebagai capres di KIB. Hal itu disampaikan politikus PAN, Zita Anjani. Ganjar merespons."
Dasco Temui Massa Kepala Desa Demo DPR Tuntut Masa Jabatan 9 Tahun,Pimpinan Pusat Perkumpulan Aparatur Pemerintah Desa Seluruh Indonesia (Papdesi) menggelar aksi di depan DPR meminta perubahan jabatan kepala desa jadi 9 tahun.
Puan Harap Masyarakat Pilih Berobat di RI Ketimbang Luar Negeri,"Ketua DPR RI Puan Maharani meninjau pembangunan Rumah Sakit Internasional Bali atau Bali International Hospital di kawasan ekonomi khusus Sanur, Denpasar, Bali."
Puan ke UMKM di Bali: Perempuan Harus Ikut Maju,"Ketua DPR RI Puan Maharani mengunjungi sentra usaha mikro kecil menengah (UMKM) di Denpasar, Bali."
Megawati Sentil Orde Baru Sembunyikan Prestasi Seniman Era Sukarno,Megawati Soekarnoputri menyentil perlakuan rezim Orde Baru terhadap karya seniman era Sukarno.
Megawati Cerita Karya Seniman Era Bung Karno Diumpetin Orde Baru,Megawati Soekarnoputri menghadiri sejumlah kegiatan di Bali. Megawati menceritakan bagaimana karya seniman era Presiden ke-1 RI Sukarno disembunyikan Orde Baru.
"Megawati-Erick Thohir Mesra di Bali, Pengamat Politik: Chemistry Sama","Ketua Umum PDIP Megawati dan Menteri BUMN Erick Thohir memperlihatkan hubungan yang makin mesra saat kunjungan di KEK Sanur, Bali. Ini kata pengamat politik."
"Masuk KEK Sanur, Sederet Fasilitas Akan Dibangun di Grand Inna Bali",Sederet fasilitas akan dibangun di hotel Grand Inna Bali yang masuk dalam pembanguna KEK Sanur. Ini fasilitasnya.
Pesan Megawati ke Erick Thohir: KEK Sanur Ditata Seperti Zaman Bung Karno,Megawati berpesan kepada Erick Thohir agar Kawasan Ekonomi Khusus (KEK) Sanur dapat ditata ulang seperti pada zaman Bung Karno.
Grha Bung Karno Klaten Bakal Diperbaiki Lalu Diresmikan Puan Maharani,Gedung Grha Bung Karno Klaten senilai Rp 90 Miliar kondisinya rusak. Gedung tersebut rencananya akan diresmikan Ketua DPR RI Puan Maharani.
"Megawati Soroti Investasi di Bali: Mau Dimarahin Pak Jokowi, Saya Marah Lagi",Megawati mengingatkan investasi di Bali jangan hanya menguntungkan para investor. Megawati pernah mempertanyakan rencana pembangunan bandara di Bali Utara.
Puan: Ibu Bahagia Akan Menghasilkan Anak-anak yang Hebat,Ketua DPR RI Puan Maharani menegaskan pentingnya negara menjamin kesejahteraan bagi perempuan.
"Antisipasi Hujan Ekstrem, Puan Ingatkan Pentingnya Mitigasi Bencana","Puan mengingatkan masyarakat agar selalu waspada terhadap potensi bencana. Menurutnya, antisipasi bencana juga perlu dilakukan oleh masyarakat sendiri."
Puan Klaim Hubungannya dengan Ganjar Solid,Puan Maharani menegaskan hubungannya dengan Ganjar Pranowo baik dan solid meski ditempa isu polarisasi di tubuh PDI Perjuangan.
Puan: Berat Banget Ya Jadi Perempuan Indonesia,"Dalam memperjuangkan kesetaraan gender, Puan mengaku banyak beban yang dirasakan. Bahkan, ia juga sempat terlihat menangis saat menyampaikan pidato di PKNU."
"Kerap Disebut Bakal Jadi Pewaris Tahta Ketum PDIP, Puan: Belum Tentu",Puan Maharani mengatakan menjadi anak dari sosok Megawati tak lantas membuat dirinya mendapatkan privilese dan menjadi pewaris takhta Ketum PDIP selanjutnya.
"Soal Hubungan dengan Ganjar Pranowo, Puan: Kita Solid!",Ketua DPR RI Puan Maharani mengungkapkan bagaimana hubungannya dengan Gubernur Jawa Tengah Ganjar Pranowo yang disebut sama-sama berebut tiket calon presiden.
"Jawab Isu Megawati Akan Nyapres, Puan: Lebih Baik Jadi Ibu Bangsa",Ketua DPR RI sekaligus Ketua DPP PDIP Puan Maharani menyebut kabar Megawati akan menjadi calon presiden di 2024 tidaklah benar.
"Soal Wajah Cemberut Saat Bagi Kaus, Puan: Saya Nggak Marah Sama Rakyat","Puan Maharani mengklarifikasi soal wajah cemberutnya saat bertemu dan membagi-bagikan kaos ke masyarakat di Bekasi, Jawa Barat beberapa waktu lalu."
Puan Ingatkan Pentingnya Jaga Solidaritas Partai Jelang Tahun 2024,Ketua DPR RI sekaligus Ketua DPP PDIP Puan Maharani mengingatkan agar seluruh kader Partai PDIP untuk tetap menjaga solidaritas menjelang tahun 2024.
Puan Maharani Bantah Megawati Rendahkan Jokowi di HUT PDIP,Ketua DPP PDIP Puan Maharani angkat bicara soal sorotan sejumlah pihak terkait pidato Ketum PDIP Megawati Soekarnoputri soal Presiden Jokowi.
"Soal Capres PDIP, Puan: Bukan Harus Puan Maharani",Ketua DPR RI Puan Maharani menyampaikan dirinya tak mendapat hak istimewa (privilese) dari Ketum PDIP Megawati Soekarnoputri.
Masinton Ungkap 2 Cucu Megawati Kerap Hadiri Acara PDIP,Ketum PDIP Megawati Soekarnoputri perkenalkan dua cucunya saat acara HUT ke-50 PDIP. Kedatangan dua cucu Megawati di acara partai disebut bukan pertama kali.
Survei Elektabilitas Capres di Surabaya: Ganjar Unggul Jauh di Atas Anies,"Dari survei SSC yang dilakukan di Surabaya, elektabilitas Ganjar Pranowo jauh di atas Aneis Baswedan. Apa faktornya?"
"Budiman Sudjatmiko Ungkap Pemimpin Ideal Bagi Megawati, Ganjar atau Puan?",Politikus PDIP Budiman Sudjatmiko membeberkan kriteria pemimpin RI yang ideal bagi Ketum Megawati. Apakah sosok Puan Maharani dan Ganjar Pranowo cocok?
"Putri Ketum PAN Sebut Penentuan Capres KIB Alot, Ada Nama Anies hingga Puan","Politikus PAN, Zita Anjani, bicara soal deklarasi capres-cawapres KIB. Zita mengatakan belum ada sinyal deklarasi KIB dan masih dalam tahap pembicaraan."
Megawati Bicara Perempuan Siap Tempur Sinyal untuk Puan? Ini Kata PDIP,Ketua Umum PDIP Megawati Soekarnoputri banyak menekenkan soal peran perempuan dalam politik saat pidato di acara HUT PDIP ke-50. Apakah ini sinyal bagi Puan?
Kata Gibran soal Kejutan dari Megawati di HUT PDIP,"Wali Kota Solo Gibran Rakabuming Raka hadiri acara HUT ke-50 PDIP di Jakarta, Selasa (10/1). Saat ditanya soal kejutan dari Megawati, begini jawaban Gibran."
Upaya Ganjar Redam Teriakan 'Presiden' di HUT PDIP,"Ganjar Pranowo membalas teriakan kader PDIP dengan gesture menutup mulut. Ganjar menempatkan jari telunjuknya di bibir, meminta para kader tak teriak presiden."
Teka-teki Capres PDIP yang Sudah di Kantong Megawati,"PDIP menggelar acara HUT ke-50 di JIExpo Kemayoran, Jakarta Pusat. Di situ Jokowi memastikan jika capres PDIP sudah ada di kantong Megawati."
Megawati Sentil Partai Lain yang Dompleng Kader PDIP Jadi Capres,Ketum PDIP Megawati menyentil partai lain yang mendompleng kader PDIP menjadi bakal capres 2024.
"Menguji ""Balas Budi"" Jokowi pada Megawati","Sebagai politisi, Jokowi tentu mengakui jasa besar Megawati. Sementara di sisi lain, sebagai orang Solo, balas budi merupakan prinsip tertinggi dalam kehidupan."
"Megawati Kenalkan 2 Anak Puan di HUT PDIP, Mau Tahu Masuk Politik","""Mereka kenapa mau ikut? Karena katanya mau tahu ah, kalau masuk politik itu gimana. Nanti boleh nggak,"" kata Megawati di HUT ke-50 PDIP."
Megawati Kasih Potongan Tumpeng HUT PDIP ke Jokowi dan Ma'ruf,Megawati Soekanrnoputri memotong nasi tumpeng pada acara HUT PDIP ke-50. Potongan tumpeng pertama diberikan ke Presiden Joko Widodo (Jokowi).
"Meski Dinanti, Capres PDIP Belum Diumumkan Megawati: Yo Ntar Dulu","Kejutan belum terjadi di HUT ke-50 PDIP, hari ini. Ketum PDIP Megawati Soekarnoputri belum mengumumkan calon presiden yang akan diusung PDIP."
Megawati Hampir Menangis Cerita Sopir Truk Bisa Jadi Bupati,"Megawati Soekarnoputri menyampaikan pidato dalam HUT ke-50 PDIP di JIExpo, Kemayoran. Dalam kesempatan tersebut Megawati sempat hampir menangis."
Momen Ganjar Pranowo Diteriaki 'Presiden' Saat Hadiri HUT PDIP Ke-50,Gubernur Jawa Tengah Ganjar Pranowo turut menghadiri puncak perayaan HUT PDI Perjuangan.
"Momen Kedatangan Ganjar, Gibran dan Ahok di HUT ke-50 PDIP",HUT ke-50 PDI Perjuangan (PDIP) digelar hari ini. Gubernur Jawa Tengah Ganjar Pranowo dan Wali Kota Solo Gibran Rakabuming Raka tampak hadir di lokasi.
"Ahok, Gibran hingga Ganjar Hadiri HUT ke-50 PDIP","Mantan Gubernur DKI Ahok, Wali Kota Solo Gibran Rakabuming Raka hingga Gubernur Jateng Ganjar Pranowo turut hadir di acara puncak HUT ke-50 PDIP."
Megawati Ungkap Alasan Tak Undang Parpol Lain di HUT ke-50 PDIP,"""Ini makanya, dengan segala hormat saya kepada teman-teman partai lain, kali ini tidak mengundang. Karena ini adalah konsolidasi partai,"" kata Megawati."
"Rapat Paripurna Pembukaan Masa Sidang, 129 Anggota DPR Izin","DPR RI menggelar sidang rapat paripurna pembukaan masa sidang III tahun 2022-2023. Tercatat 23 anggota hadir secara fisik, 140 virtual dan 129 anggota izin."
Megawati Sapa Kader di HUT ke-50 PDIP: Kangen Tidak Sama Ibu?,Ketum PDIP Megawati Soekarnoputri memberikan pidato politiknya saat acara puncak HUT ke-50 PDIP. Megawati menyapa kader PDIP yang hadir di lokasi.
Pidato Megawati di HUT ke-50 PDIP,"Partai Demokrasi Indonesia Perjuangan (PDIP) menggelar perayaan hari ulang tahun (HUT) ke-50 di JIExpo, Kemayoran, Jakarta Pusat, Selasa (10/1/2023)."
"Ahok, Heru Budi hingga Gibran Turut Hadiri HUT ke-50 PDIP",Heru Budi Hartono hingga eks Gubernur DKI Jakarta Ahok menghadiri HUT ke-50 PDI Perjuangan (PDIP). Wali Kota Solo Gibran Rakabuming Raka juga turut hadir.
Senyum Ganjar Pranowo Hadiri HUT ke-50 PDIP di Jakarta,Gubernur Jawa Tengah Ganjar Pranowo menghadiri gelaran puncak HUT ke-50 PDIP. Ganjar menjadi sasaran selfie kader PDIP di lokasi acara.
Momen Jokowi-Ma'ruf Hadiri HUT ke-50 PDIP di JIExpo,"Presiden Joko Widodo (Jokowi) dan Wakil Presiden Ma'ruf Amin hadir di acara hari ulang tahun (HUT) PDIP ke-50 di JIExpo, Kemayoran, Jakarta Utara."
"Mahfud, Budi Gunawan hingga Hendropriyono Hadiri HUT ke-50 PDIP",Sejumlah menteri kabinet pemerintah Jokowi-Ma'ruf Amin turut hadir ke acara HUT ke-50 PDIP. Menteri-menteri tersebut mulai dari Mahfud MD hingga Retno Marsudi.
Momen Jokowi Duduk Bareng Megawati hingga Puan Sebelum Pembukaan HUT PDIP,Ada momen Presiden Jokowi duduk bareng Ketum PDIP Megawati Soekarnoputri hingga Puan Maharani sebelum acara pembukaan HUT ke-50 partai banteng itu.
Jokowi hingga Ma'ruf Hadiri HUT ke-50 PDIP di JIExpo,Presiden Joko Widodo (Jokowi) hadir di acara HUT PDIP ke-50. Jokowi hadir bersama Menseskab Pramono Anung.
"Menanti Kejutan PDIP di Ulang Tahun ke-50, soal Capres?","PDIP akan menggelar hari ulang tahun (HUT) ke-50 pada Selasa, 10 Januari 2023. Bakal ada kejutan yang disiapkan partai berlogo banteng tersebut."
"Puan Nggak Deg-degan Siapa Capres, Senior PDIP: Dia Paham Sinyal Megawati","""Sebagai putri ketum, tentu masuk akal bila beliau sangat mampu membaca sinyal-sinyal yang tak terdeteksi orang lain,"" kata Hendrawan Supratikno."
"Massa Satgas Ramaikan JIExpo Jelang HUT ke-50 PDIP, Begini Kondisinya","Di area lapangan utama JIExpo Kemayoran, Jakarta, massa yang tergabung dalam Satgas Cakra Buana telah berada di lokasi HUT PDIP ke-50 tersebut."
Teka-teki Siapa Capres PDIP di Kantong Megawati,Megawati disebut sudah mengantongi nama capres yang akan diusungnya. Namun masih menjadi teka-teki siapa nama capres pilihan Megawati itu.
"Usai 3 Pekan Reses, DPR Rapat Paripurna Pembukaan Masa Sidang Hari Ini",DPR memasuki masa persidangan III tahun sidang 2022-2023 setelah tiga pekan reses. Pembukaan masa sidang digelar hari ini.
Jokowi Bakal Hadiri Peringatan HUT Ke-50 PDIP di JIExpo Besok,"Acara peringatan HUT ke-50 PDIP akan digelar di JIExpo Kemayoran, Jakarta Pusat, pada Selasa besok. Presiden Joko Widodo (Jokowi) diagendakan hadir."
Puan Sindir Pihak Masih Teriak Wacana Tunda Pemilu Tak Masuk Akal,Puan Maharani sindir pihak yang masih teriak isu penundaan pemilu. Dia menyebut pihak yang masih bicara penundaan pemilu itu tidak masuk akal.
Hasto Ungkap Tradisi Mega Ziarah ke Makam Bung Karno Sebelum Umumkan Capres,Sekjen PDIP Hasto mengungkapkan tradisi Megawati sebelum menentukan capres. Hasto mengatakan Megawati biasanya ziarah ke makam Bung Karno terlebih dulu.
"Hasto Sebut Megawati Bicara Sosok Capres PDIP dengan Jokowi, Siapa?",Sekjen PDIP Hasto mengatakan penentuan capres yang akan diusung partainya sudah dibicarakan dengan Presiden Jokowi.
Kata PDIP soal Peluang Ganjar Diumumkan Jadi Capres di HUT ke-50,"PDIP menyiapkan kejutan untuk HUT ke-50 besok, salah satunya diduga berkaitan dengan Pilpres 2024."
PDIP Minta Maaf Tak Undang Ketum Parpol Lain di HUT ke-50 Partai,"PDIP tidak mengundang ketua umum partai politik di HUT ke-50 PDIP pada Selasa (10/1/23). Ketua DPP PDIP, Puan Maharani, pun menyampaikan permintaan maaf."
Puan Maharani Sebut Bakal Ada Surprise di HUT ke-50 PDIP,Puan Maharani menjawab kemungkinan adanya pengumuman nama bakal capres di perayaan HUT ke-50 PDIP. Namun ia mengatakan hanya Megawati yang tahu.
"Megawati Dinilai Mungkin Umumkan Capres di HUT PDIP, Ganjar atau Puan?","Ketua Umum PDIP Megawati disebut akan beri kejutan saat HUT PDIP ke-50 besok. Namun, sampai saat ini belum ada kejelasan apa kejutan yang akan disampaikan."
"Puan Nggak Deg-degan Siapa Capres PDIP 2024, Singgung Garis Tangan",Ketua DPP PDIP Puan Maharani mengaku tidak merasa deg-degan soal pencapresan di PDIP yang akan diumumkan Ketum Megawati Soekarnoputri. Begini kata Puan.
Puan Minta PDIP Waspada di DKI: Potensi Pertarungan Sangat Kencang,Ketua DPP PDIP Puan Maharani bicara potensi perolehan suara partai di daerah. Puan mewanti-wanti secara khusus wilayah DKI Jakarta.
Puan Nggak Deg-degan Siapa Capres PDIP 2024,Ketua DPP PDIP Puan Maharani mengaku tidak merasa deg-degan soal pencapresan di PDIP yang akan diumumkan Ketua Umum Megawati Soekarnoputri.
"Kejutan Dinanti, Lihat Lagi Cara Megawati Umumkan Jokowi Capres PDIP 2019","Megawati disebut-sebut akan menyampaikan kejutan, salah satunya kemungkinan soal capres-cawapres, di HUT PDIP ke-50 besok. Lalu bagaimana saat Pilpres 2019?"
Puan Tegaskan Megawati Sudah Kantongi Capres: Nggak Usah Bingung,Puan memberikan arahan kepada kader agar mampu memenangkan pilpres yang ketiga kalinya secara beruntun atau hattrick di Pemilu 2024.
Puan Minta Maaf Acara HUT ke-50 PDIP Tak Undang Ketum Parpol Lain,Puan Maharani mengatakan acara HUT PDIP di umur setengah abad ini menjadi kegiatan yang hanya dirayakan oleh internal.
DPR Akan Bahas Perppu Ciptaker dan Pemilu Usai Pembukaan Paripurna Besok,DPR akan membahas Perppu Cipta Kerja (Ciptaker) dan Perppu Pemilu usai pembukaan masa sidang. Hal tersebut disampaikan Wakil Ketua DPR RI Sufmi Dasco Ahmad.
"Puan soal HUT PDIP: Kalau Besok Ada Surprise Capres-cawapres, Bisa Saja","Puan tak menutup kemungkinan Megawati akan mengumumkan capres dan cawapres usungan PDIP di acara HUT. Namun, kata Puan, hanya Megawati yang tahu soal capres."
"Demi PDIP Menang Hattrick, Puan Pesan Tak Ada yang Bersinar Sendiri",Ketua DPP PDIP Puan Maharani mengatakan tak ada bintang yang bersinar sendiri di partainya dalam acara bimtek di Hotel Paragon Jakarta hari ini. Apa maksudnya?
Puan Minta Tak Ada Yang Bersinar Sendiri Agar PDIP Menang Hattrick di 2024,"Puan Maharani beri arahan ke seluruh anggota DPRD Provinsi, Kabupaten/Kota jelang HUT ke-50 PDIP. Dia minta tak ada yang bersinar sendiri di PDIP."
FX Rudy soal Ide Megawati Capres 2024: Kok Ibu yang Disuruh?,Muncul usulan agar Megawati Soekarnoputri kembali maju sebagai capres 2024. Apa tanggapan Ketua DPC Solo FX Hadi Rudyatmo?
Tanda Tanya Sandiaga Absen saat Prabowo Resmikan Badan Pemenangan Presiden,Sandiaga Uno lagi-lagi tidak hadir dalam agenda penting partai. Tercatat sudah dua kali Sandiaga tidak hadir dalam agenda partai yang dihadiri Prabowo Subianto.
"NasDem soal Ide Megawati Capres: Memenuhi Syarat, Apa yang Salah?","NasDem menilai tidak ada yang salah jika MEgawati kembali mencalonkan diri sebagai presiden, sebab secara aturan Megawati memenuhi syarat untuk menjadi capres."
"PKS soal Ide Megawati Capres: Berat, 3 Besar Masih Ganjar-Anies-Prabowo","PKS menilai akan menjadi perjuangan berat jika Megawati kembali mencalonkan diri dalam Pilpres mendatang. Sebab Ganjar, Anies dan Prabowo masih 3 besar."
PAN: Fenomenal dan Spektakuler Jika Megawati Diusung PDIP di Pilpres 2024,Waketum PAN Viva Yoga menilai jika ide agar Megawati jadi capres direalisasikan akan fenomenal dan spektakuler.
"Muncul Ide Megawati Maju Capres 2024, Ketua PDIP: Sangat Masuk Akal",Ketua DPP PDIP Eriko Sotarduga menilai ide Megawati maju lagi sebagai calon presiden sangat masuk akal.
"Muncul Ide Megawati Maju Capres 2024, Ketua PDIP: Masuk Akal","Di tengah perdebatan Puan Maharani atau Ganjar Pranowo yang akan maju Pilpres 2024 dari PDI Perjuangan, muncul ide nama Megawati Soekarnoputri kembali maju."
"Muncul Ide Megawati Capres 2024, Ketua PDIP Bilang Masuk Akal","""Karena gini tidak ada yang salah, bahwa beliau yang diberikan kesempatan atau diberikan hak sepenuhnya untuk memutuskan,"" kata Ketua DPP PDIP Eriko Sotarduga."
Formappi Kritik DPR: Jangan Hanya Tanya dan Puas Diri dengan Pemerintah,Formappi menyampaikan evaluasi kinerja DPR RI pada Masa Sidang II Tahun Sidang 2022-2023. Formappi menyoroti peran DPR sebagai pengawas pemerintah.
"Hasto Bicara Antitesis Jokowi, Demokrat: Anies dan AHY Representasi Perubahan",Hasto menganggap Anies sebagai antitesis Jokowi. Demokrat menilai Anies dan AHY sebagai representasi perubahan atau antitesis Jokowi
Survei Cawapres 2024 Indikator Politik: Ridwan Kamil Teratas,"Hasil sigi Indikator Politik menunjukkan elektabilitas Ridwan Kamil menang telak, disusul Sandiaga Uno dan Agus Harimurti Yudhoyono (AHY)."
"Tanggapi Survei Indikator, Hasto Anggap Anies Antitesis Jokowi",Sekjen PDIP Hasto Kristiyanto menyebut Anies tak senapas dengan Jokowi. Hasto mengaitkan itu dengan hasil survei elektabilitas capres Indikator Politik.
"Survei Capres Indikator Politik: Tren Ganjar dan Prabowo Naik, Anies Stagnan","Indikator merilis hasil survei elektabilitas sosok-sosok potensial capres. Survei terbaru, elektabilitas Ganjar dan Prabowo naik, sedangkan Anies stagnan."
"PDIP: Puan Telah Teruji, Ganjar Banyak Diapresiasi",Sekjen PDIP Hasto Kristiyanto sempat mengungkap kriteria sosok calon presiden PDIP. Hasto pun menyebutkan nama-nama kader yang menjadi sosok potensial.
"Puan Laporkan Hasil Safari Politik ke Mega, Lanjut Temui PAN",Ketua DPP PDIP Puan Maharani disebut akan kembali melanjutkan safari politiknya usai gelaran HUT ke-50 PDIP. Selanjutnya Puan akan safari politik ke PAN.
Capres Potensial Disiapkan PDIP: Puan hingga Ganjar,"""Ya sebenarnya banyak nama di PDI Perjuangan. Karena banyak menteri-menteri juga yang diusung PDI Perjuangan mereka dipersiapkan dengan sangat baik,"" kata Hasto"
"Safari Politik, Puan Bakal Sowan ke PAN Setelah HUT PDIP",Pacul mengatakan Puan masih akan melakukan safari politik ke sejumlah PArpol. Dia menyebut parpol terdekat yang akan ditemui yakni PAN.
Kilas Balik Peralihan Tongkat Kepemimpinan Panglima TNI ke Yudo Margono,Tahun 2022 menjadi tahun pergantian Panglima TNI. Panglima TNI Jenderal Andika Perkasa purnatugas dan digantikan oleh Laksamana Yudo Margono.
PDIP Jawab Kemungkinan Mega Umumkan Ganjar atau Puan Capres di HUT Partai,Santer nama Puan dan Ganjar menjadi capres yang akan diumumkan Mega. Ketua Bappilu PDIP Bambang Wuryanto menjawab kemungkinan pengumuman itu dilakukan pada HUT.
Puan Maharani Ajak Masyarakat Kawal Pemilu 2024 agar Jujur & Adil,"Ketua DPR RI Puan Maharani mengajak masyarakat untuk mengawal pelaksanaan Pemilu 2024 agar berlangsung dengan baik, serta jujur dan adil (jurdil)."
Mengintip Resolusi 2023 Para Tokoh Bangsa,Awal Tahun 2023 telah dimulai. Sederet tokoh bangsa pun menyampaikan resolusinya di tahun ini. Apa saja resolusi mereka?
Puan Dorong Perempuan Indonesia Gotong Royong Bangun Bangsa-Negara,Ketua DPR RI Puan Maharani kerap menyemangati para perempuan untuk berani menunjukkan kemampuan jadi pemimpin. Termasuk berkontribusi untuk bangsa dan negara.
"Jelang Pemilu 2024, Puan Harap TNI Netral dari Politik Praktis",Ketua DPR RI Puan Maharani meminta Panglima TNI Laksamana Yudo Margono memastikan para prajurit TNI bersifat netral dari politik praktis.
Ketua DPR Puan Maharani Harap 2023 Jadi Tahun Harmoni Sambut Pesta Demokrasi,Ketua DPR Puan Maharani menyampaikan beberapa resolusinya untuk Tahun Baru 2023. Puan berharap tahun ini menjadi tahun yang harmoni untuk menyambut Pemilu 2024.
Ini Isi Lengkap 1.117 Halaman Perppu Cipta Kerja yang Diterbitkan Jokowi,Salinan Perppu Cipta Kerja kini sudah keluar. Perppu itu berisi 1.117 halaman dan 186 pasal. Baca selengkapnya salinan isi Perppu Cipta Kerja di sini.
Menerka Antara Puan atau Ganjar Capres yang Akan Diumumkan Mega,Megawati akan segera mengumumkan capres yang akan diusungnya di Pemilu 2024. Siapa yang diusung?
Partai Buruh Setuju Jokowi Bikin Perppu Ciptaker: Daripada Dikasih ke DPR,Partai Buruh setuju dengan langkah Presiden menerbitkan Perppu Ciptaker. Langkah ini lebih baik ketimbang perbaikan UU diserahkan ke DPR.
"Ziarah ke Makam Fatmawati, Basarah: Kita Memuliakan Pemimpin Perempuan",Ahmad Basarah mengatakan keluarga Soekarno dan Taufiq Kiemas berperan besar terhadap perjalanan bangsa Indonesia.
PDIP Gelar Tahlilan Taufiq Kiemas Ultah Ke-80 di TMP Kalibata,DPP PDI Perjuangan menggelar acara tahlilan dalam rangka peringatan 80 tahun kelahiran almarhum Taufiq Kiemas di TMP Kalibata hari ini.
Ancang-ancang Megawati Umumkan Capres dari PDIP,Ketua Umum PDIP Megawati Soekarnoputri telah mengambil ancang-ancang momentum untuk mengumumkan calon presiden (capres). Dia akan mengumumkan capres tahun 2023.
Gugurnya Putusan MK soal UU Cipta Kerja Usai Jokowi Terbitkan Perppu,"Presiden Jokowi menerbitkan Perppu Cipta Kerja. Dengan penerbitan perppu ini, putusan Mahkamah Konstitusi (MK) perihal UU Cipta Kerja pun gugur."
"Daftar Saham Paling Moncer di 2022, Ada yang Naik 1.500% Lebih","2022, perdagangan saham masih diwarnai ketidakpastian ekonomi global. Meski dihadapkan sejumlah tantangan, beberapa saham mengalami kenaikan secara signifikan."
Golkar Dukung Jokowi Terbitkan Perppu Cipta Kerja: Ini Kepastian Hukum,Presiden Joko Widodo (Jokowi) baru saja menerbitkan Perppu Cipta Kerja. Ketua DPP Golkar Ace Hasan Syadzily mendukung langkah Jokowi itu.
"Megawati Umumkan Capres PDIP di 2023, Ganjar atau Puan?",Megawati disebut akan segera mengumumkan capres yang akan diusungnya di Pemilu 2024. Pengumuman itu dilakukan tahun depan. Siapa tokoh yang akan diusung?
Jokowi Terbitkan Perppu Cipta Kerja!,Presiden Joko Widodo (Jokowi) menerbitkan Perppu Cipta Kerja. Perppu dikeluarkan pada hari ini.
Puan Ajak Kawal Pemilu demi Terwujudnya Demokrasi yang Sempurna,Ketua DPR RI Puan Maharani menyebut pelaksanaan pemilu sebagai wujud dari penyelenggaraan demokratis.
Wanti-wanti Puan soal Kenaikan Harga Bahan Pokok Jelang Akhir Tahun,Ketua Dewan Perwakilan Rakyat (DPR) RI Puan Maharani meminta pemerintah untuk mengendalikan harga kebutuhan pokok dan sejumlah komoditas pangan.
Survei SPIN: Erick Thohir Cawapres Teratas Disusul RK hingga AHY,Lembaga SPIN mengeluarkan hasil survei terkait elektabilitas bakal cawapres 2024. Eelektabilitas Erick Thohir menempati posisi pertama disusul Ridwan Kamil.
"Survei SPIN: Prabowo Teratas Trennya Naik, Ganjar-Anies Isi 3 Besar",Lembaga SPIN mengeluarkan hasil survei terkini terkait elektabilitas bakal capres 2024. Elektabilitas Prabowo Subianto menempati posisi pertama.
Puan Ingatkan Pemerintah dan TNI-Polri Jaga Keamanan Saat Nataru,Ketua DPR RI Puan Maharani mengingatkan pemerintah beserta TNI dan Polri untuk menjaga keamanan dan ketertiban lalu lintas.
"Buruh Bakal Gugat UU P2SK, Singgung Pasal Selundupan soal JHT",Presiden Konfederasi Serikat Pekerja Indonesia (KSPI) Said Iqbal akan menggugat UU P2SK ke Mahkamah Konstitusi (MK) tahun depan.
Puan Pamer Hasil Kunker: Kamu Bertanyea-tanyea Saya Ngapain Aja?,Ketua DPR Puan Maharani memamerkan kegiatannya di setiap kunker selama 2022. Ragam kegiatan itu dibagikan Puan lewat medsosnya.
"Libur Nataru, Puan: Jangan Terprovokasi oleh Hal yang Tidak Perlu","Ketua DPR RI Puan Maharani mengingatkan kepada pemerintah, TNI dan Polri untuk bisa menjaga keamanan selama periode libur Natal dan tahun baru 2022."
Perusahaan Suami Puan Resmi Garap 'Harta Karun' Migas di Sumatera,Kementerian ESDM menetapkan konsorsium PT Niaga Gemilang dan PT Rukun Raharja Tbk sebagai pemenang lelang wilayah kerja (WK) migas Jabung Tengah.
Perusahaan Suami Puan Resmi Kelola Blok Migas Jabung Tengah,Kementerian Energi dan Sumber Daya Mineral (ESDM) mengumumkan pemenang lelang Wilayah Kerja (WK) Jabung Tengah dan WK Paus.
"Kala MotoGP Mandalika Curi Perhatian Dunia, Termasuk Pawang Hujannya","Acara balapan internasional MotoGP Indonesia di Sirkuit Mandalika, Lombok, NTB menjadi hajat penting di tahun 2022. Acara balapan ini menjadi perhatian dunia."
Kilas Balik 5 Momen 'Heboh' KTT G20 Bali,"Ada sejumlah momen menarik saat helatan Konferensi Tingkat Tinggi (KTT) G20 Bali, November lalu. DetikBali merangkum momen-momen tersebut."
"Saham PTRO Melejit, Sosok Suami Puan Disebut-sebut Lagi",Harga saham PT Petrosea Tbk (PTRO) sejak diakuisisi PT Caraka Reksa Optima (CARA) terus mengalami peningkatan signifikan.
Mengapa Hanya Membicarakan Privilese Puan?,Setiap cerita sukses seseorang hari ini seakan selalu dibayangi oleh pertanyaan 'apakah itu hasil usahanya atau hanya privilese yang dimilikinya?'
Permintaan Maaf Sekjen Golkar Usai Sebut PDIP 'Bentrok' gegara Survei,Sekjen Partai Golkar Lodewijk F Paulus akhirnya menyampaikan permintaan maaf usai menyebut ada bentro di PDIP karena survei Ganjar ungguli Puan.
Permintaan Maaf Sekjen Golkar Usai Sebut PDIP Bentrok Gegara Puan Vs Ganjar,Pernyataan Sekjen Golkar Lodewijk F Paulus soal ada 'bentrok' di internal PDIP berujung permohonan maaf. Bagaimana respons PDIP?
Permintaan Maaf Sekjen Golkar Usai Sebut PDIP 'Bentrok',Sekjen Partai Golkar Lodewijk menyampaikan permohonan maaf. Ia meminta maaf karena telah mencampuri urusan internal PDIP.
Musra Lampung Relawan Jokowi: Prabowo Jadi Capres Favorit,Musyawarah Rakyat (Musra) XI Relawan Presiden Jokowi di Lampung selesai digelar. Nama Prabowo Subianto dan Erick Thohir unggul di kategori capres dan cawapres.
PDIP Maafkan Sekjen Golkar: Urus Rumah Tangga Parpol Masing-masing!,Sekjen Golkar Lowedijk minta maaf atas ucapannya soal bentrok internal PDIP usai survei Ganjar ungguli Puan. PDIP pun menerima permohonan maaf itu.
Relawan Jokowi Lampung Usung Prabowo-Erick Thohir untuk Pilpres 2024,Relawan Jokowi Lampung mengurus pasangan Prabowo Subianto dan Erick Thohir sebagai Capres dan Cawapres!
PDIP Maafkan Sekjen Golkar soal 'Bentrok' Gegara Survei Ganjar & Puan,Sekjen Partai Golkar Lodewijk F Paulus meminta maaf terkait ucapannya di media massa soal PDI Perjuangan bentrok usai Ganjar mengungguli Puan di survei. K
Sekjen Golkar Minta Maaf Bilang PDIP 'Bentrok' Akibat Survei Ganjar & Puan,Sekretaris Jenderal Partai Golkar Lodewijk F Paulus mengklarifikasi ucapannya soal bentrok di PDI Perjuangan usai Ganjar Pranowo mengungguli Puan Maharani.
"Klarifikasi soal PDIP 'Bentrok', Lodewijk Golkar Minta Maaf",Sekretaris Jenderal Partai Golkar Lodewijk F Paulus membantah mengatakan PDIP 'bentrok' terkait hasil survei. Namun ia juga menyampaikan permohonan maaf.
Jokowi-Ma'ruf Kompak Bicara Garis Tangan Capres,Presiden Jokowi lebih dulu menyinggung soal kemungkinan adanya sosok calon presiden dan koalisi tertentu gagal maju Pilpres 2024 dan bakal menuduh Istana.
PDIP Bantah Isu Bentrok Internal gegara Hasil Survei Ganjar Ungguli Puan,PDIP membantah isu adanya bentrok di internal partai setelah Ganjar Pranowo mengungguli Puan Maharani pada sejumlah hasil survei.
PDIP Sentil Sekjen Golkar yang Isukan Bentrok Gegara Survei Ganjar-Puan,Djarot mengatakan PDIP solid dan tegak lurus dengan arahan Ketua Umum Megawati Soekarnoputri.
PDIP Bantah Ada Bentrok Internal Akibat Ganjar Ungguli Puan di Survei,Sekjen Golkar Lodewijk menyebut adanya bentrok di internal PDIP karena elektabilitas Ganjar lebih unggul dari Puan di setiap survei. PDIP membantah.
Sekjen Golkar Sebut Ada Bentrok di PDIP Usai Ganjar Ungguli Puan di Survei,Sekjen Golkar Lodewijk menyebut ada keributan di PDIP. Lodewijk mengatakan keributan itu terjadi usai hasil survei elektabilitas Ganjar mengungguli Puan.
Lodewijk Golkar Sebut PDIP 'Bentrok' Usai Ganjar Ungguli Puan di Survei,Sekjen Partai Golkar Lodewijk F Paulus mengatakan ada keributan di PDIP usai Ganjar ungguli Puan di survei.
"Temui Presiden Vietnam, Puan Bahas ZEE-Kerja Sama Perdagangan",Puan menyebutkan hubungan diplomatik Indonesia-Vietnam yang terjalin sejak tahun 1955 terus berkembang pesat.
Ridwan Kamil Cawapres Terkuat Versi Charta Politika,"Lembaga survei Charta Politika merilis hasil survei tokoh potensial untuk Pilpres 2024. Nama Gubernur Jabar Ridwan Kamil, masuk dalam bursa cawapres terkuat."
Simulasi Pilpres 2024 Charta Politika: Duet Ganjar-Prabowo Bisa 1 Putaran,"Charta Politika menyampaikan survei simulasi pasangan capres-cawapres Pilpres 2024. Hasilnya duet Ganjar Pranowo dan Prabowo Subianto dipilih 45,3% responden."
FX Rudy Ungkap PR Pertama Megawati: Capres-Cawapres,"Ketua DPC PDIP Solo, FX Hadi Rudyatmo mengungkap Megawati belum membicarakan soal pilkada. Sebab masih ada PR yang harus diselesaikan, yaitu capres-cawapres."
"Gibran Gandeng Mega Saat Nikahan Kaesang, FX Rudy: Bukan Kader Biasa","Ada momen Megawati bergandengan dengan Gibran saat tasyakuran Kaesang dan Erina di Solo, Minggu (11/12) lalu. Ini kata FX Rudy."
FX Rudy Buka-bukaan Isi Pertemuannya dengan Mega dan Gibran di Hotel Solo,"FX Rudy mengungkap isi pertemuan antara dirinya, Gibran dan Megawati di hotel Solo. Pertemuan terjadi usai tasyakuran pernikahan Kaesang, Senin (12/12) lalu."
Survei Capres 2024 Charta Politika: Ganjar Unggul 8% dari Anies dan Prabowo,"Sebanyak 31,7% responden menyatakan memilih Gubernur Jawa Tengah Ganjar Pranowo, disusul pemilih Anies Baswedan dan Menteri Pertahanan Prabowo Subianto."
"Survei Capres 2024: Ganjar Kokoh di Puncak, Anies Geser Prabowo","Poltracking Indonesia merilis hasil survei Capres 2024. Ganjar Pranowo teratas, sementara Anies Baswedan menggeser Prabowo Subianto dari peringkat dua."
Survei Poltracking: Simulasi Duet Ganjar-Erick Terkuat untuk 2024,Paslon capres-cawapres 2024 yang cukup potensial adalah Ganjar Pranowo dan Erick Thohir dalam simulasi survei terbaru lembaga Poltracking.
"Survei Cawapres Poltracking: Erick Thohir Melejit, Sandiaga Drop","Nama Erick Thohir berada di posisi teratas mengungguli Ridwan Kamil, disusul oleh Agus Harimurti Yudhoyono atau dalam survei Poltracking terkait cawapres 2024."
"Survei Capres 2024 Poltracking: Ganjar Kokoh 28,3%, Anies dan Prabowo 'Beti'","Ganjar Pranowo masih menempati posisi teratas, sementara nama Anies Baswedan mengeser nama Prabowo Subianto di nomor urut dua berdasarkan survei Poltracking."
Siapa Tokoh yang Mungkin Gagal Nyapres Lalu Tuduh Istana?,Jokowi menyinggung kemungkinan adanya sosok capres tertentu gagal maju Pilpres 2024 lalu menuduh Istana. Siapa tokoh yang mungkin gagal lalu menyudutkan Istana?
Emiten Bahan Kimia Gandeng Perusahaan Suami Puan dan Ketum Kadin Garap Proyek Ini,"Emiten manufaktur dan perdagangan bahan kimia, PT Chemstar Indonesia (CHEM) menggandeng PT Basis Utama Prima milik Ketum Kadin, Arsjad Rasjid dan Happy Hapsoro."
SMRC: Elektabilitas Airlangga & Puan Belum Kompetitif Jadi Capres 2024,Tren elektabilitas Puan Maharani dan Airlangga Hartarto sebagai Calon Presiden 2024 dinilai belum kompetitif. Hal itu terlihat dalam hasil rilis survei SMRC.
Simulasi SMRC: Prabowo Menang Jika Ganjar Tidak Maju Pilpres,SMRC membuat beberapa simulasi 4 tokoh maju capres. Hasilnya Ganjar tetap menduduki posisi teratas. Prabowo akan menang jika Ganjar tidak maju pilpres.
"Survei Terbaru SMRC: Anies Geser Prabowo, Ganjar Masih di Puncak",Survei capres teranyar Saiful Mujani Research and Consulting (SMRC) masih menempatkan tiga tokoh papan atas dengan elektabilitas paling tinggi.
"Survei Capres SMRC: Ganjar Masih Teratas, Anies Geser Prabowo",Ganjar Pranowo berada di posisi puncak survei SMRC. Anies Baswedan berada di posisi kedua menggeser posisi Prabowo.
Salam Komando Yudo Margono dan Andika Perkasa Saat Sertijab Panglima TNI,"Upacara sertijab Panglima TNI digelar di Mabes TNI, Cilangkap, Jakarta hari ini. Jenderal Andika tampak melakukan salam komando dengan Laksamana Yudo Margono."
"Serah Terima Jabatan Panglima TNI, Andika dan Yudo Salam Komando",Jenderal Andika Perkasa resmi melepas jabatannya sebagai Panglima TNI dan digantikan oleh Laksamana TNI Yudo Margono.
"Usai Melejit Imbas Gosip Suami Puan, Saham CHEM Mulai Ambyar","Sudah 3 hari perdagangan saham CHEM mengalami pelemahan. Malahan hari ini saham CHEM anjlok hingga menyentuh ARB yakni -6,86% ke level Rp 190."
Zulhas Ucapkan Selamat Laksamana Yudo Jadi Panglima TNI: Semoga Amanah,Mendag yang juga Ketum PAN Zulhas mengucapkan selamat kepada Laksamana Yudo Margono yang telah dilantik Presiden Joko Widodo (Jokowi) jadi Panglima TNI.
Laksamana Yudo Margono: Para Pati TNI Tahu Semua Program Pokok Saya,Yudo juga mengajak para Kepala Staf Angkatan dan Pimpinan Kotama (Komando Utama) angkatan untuk membahas program-program yang belum dan akan diselesaikan.
Sosok Suami Puan Maharani yang Jarang Tampil tapi Tenar di Pasar Modal,"Masyarakat mungkin jarang mengetahui sosok Happy Hapsoro. Meski tak di kenal masyarakat, dia cukup tenar di dunia pasar modal Indonesia."
"Prabowo Dampingi Jokowi di Pelantikan Panglima TNI, Akrab dengan Mega",Menhan RI Prabowo Subianto hadir saat Presiden Joko Widodo (Jokowi) melantik Panglima TNI Laksamana Yudo Margono. Ada momen hangat dalam peristiwa itu.
Sepak Terjang Suami Puan yang Tenar di Pasar Modal,Nama Happy Hapsoro tengah menjadi perbincangan di pasar modal. Lantas siapa sosok Happy Hapsoro? Mengapa dia bisa menjadi buah bibir di tengah pelaku pasar?
"Suami Puan Maharani Lagi Bikin Heboh Pasar Modal, Ada Apa?","Suami Ketua DPR RI Puan Maharani, Happy Hapsoro belakangan ini menjadi perbincangan di pasar modal."
"Laksamana Yudo Margono Jadi Panglima TNI, Siapa Calon KSAL?",Laksamana Yudo Margono resmi dilantik menjadi Panglima TNI. Lalu siapa calon pengganti Yudo Margono sebagai Kepala Staf Angkatan Laut (KSAL)?
PKS Harap Panglima TNI Yudo Sukses di Situasi Hangat Jelang 2024,Laksamana Yudo Margono resmi menjadi Panglima TNI. PKS berharap masa kepemimpinan Yudo sukses di situasi politik yang kian menghangat menjelang Pemilu 2024.
Pesan Jokowi ke Panglima TNI Yudo Margono: Jaga Kedaulatan-Netralitas TNI,"Presiden Jokowi melantik Laksamana Yudo Margono menjadi Panglima TNI menggantikan Jenderal Andika Perkasa. Jokowi menyampaikan sejumlah pesan ke Yudo, apa saja?"
Laksamana Yudo Margono Resmi Jadi Panglima TNI,Laksaman Yudo Margono telah bersumpah di hadapan Presiden. Jokowi telah melantiknya secara resmi sebagai Panglima TNI.
Resmi! Laksamana Yudo Margono Jadi Panglima TNI,Laksamana Yudo Margono resmi menjadi Panglima TNI. Laksamana Yudo Margono dilantik sebagai Panglima TNI oleh Presiden Joko Widodo (Jokowi).
Jokowi Resmi Lantik Laksamana Yudo Margono Jadi Panglima TNI,Presiden RI Jokowi resmi melantik Laksamana Yudo Margono menjadi Panglima TNI. Pelantikan ditandai dengan penyerahan tongkat komando kepada Laksamana Yudo.
"Yudo Jadi Panglima TNI, Jenderal Andika Resmi Diberhentikan dengan Hormat","Laksamana Yudo Margono resmi dilantik jadi Panglima TNI oleh Presiden Jokowi. Dengan pelantikan ini, Jenderal Andika Perkasa resmi diberhentikan dengan hormat."
Jokowi Serahkan Tongkat Komando Panglima TNI ke Laksamana Yudo Margono,Presiden Joko Widodo (Jokowi) menyematkan tanda pangkat dan jabatan Panglima TNI kepada Laksamana Yudo Margono usai resmi dilantik.
Sah! Laksamana Yudo Margono Resmi Jadi Panglima TNI,Laksamana Yudo Margono resmi menjadi Panglima TNI. Laksamana Yudo Margono dilantik sebagai Panglima TNI oleh Presiden Joko Widodo (Jokowi) di Istana Negara.
"Paradoks ""Endorsement"" Politik Jokowi","Jika dibaca dalam skala prioritas, di antara sekian banyak nama, sepertinya Presiden Jokowi lebih condong mendukung Ganjar Pranowo."
Laksamana Yudo Margono Akan Dilantik Jadi Panglima TNI Hari Ini,"Laksamana Yudo Margono akan dilantik oleh Presiden Jokowi sebagai Panglima TNI hari ini, di Istana Negara. Yugo akan menggantikan Andika Perkasa."
Hari Ini Laksamana Yudo Margono Dilantik Jadi Panglima TNI,"Hari ini Senin (19/12/2022), Laksamana Yudo Margono dilantik jadi Panglima TNI"
Jokowi Lantik Laksamana Yudo Margono Jadi Panglima TNI Hari Ini,Laksamana Yudo Margono akan dilantik menjadi Panglima TNI. Pelantikan akan dilakukan oleh Presiden Joko Widodo (Jokowi) hari ini.
Jokowi Lantik Laksamana Yudo Margono Jadi Panglima TNI Besok,"Presiden Jokowi akan melantik Laksamana Yudo Margono menjadi Panglima TNI besok. Pelantikan digelar di Istana Negara, Jakarta Pusat."
"Raffi Ahmad Pamer Foto Bareng Puan Maharani, Kolom Komentar Dimatikan","Kenapa, Aa Raffi?"
Puan Dorong Infrastruktur Lengkap Dukung Peralihan Kendaraan Listrik,"Ketua DPR Puan Maharani memastikan DPR ikut mendukung penggunaan kendaraan listrik demi mengurangi polusi udara, serta mengurangi subsidi BBM."
Momen Puan Dibonceng Menteri PPPA Naik Motor Listrik dari Monas-GBK,Ketua DPR RI Puan Maharani ikut meramaikan parade motor listrik EV Funday dari Silang Barat Daya Monas ke Plaza Timur GBK dengan total 200 motor listrik.
Akhir Kasus Pelecehan Berujung Mahasiswa Gunadarma Ditelanjangi,"Kasus pelecehan yang berujung pelaku mahasiswa Gunadama ditelanjangi, berakhir damai. Korban pelecehan cabut laporan, sedangkan kasus persekusi belum diusut."
Legislator Buka Peluang Panggil Polisi soal Persekusi Pelaku Pelecehan Gundar,"Komisi III DPR memberikan atensi terkait kasus pelecehan mahasiswi berujung persekusi 2 pelaku di kampus Gunadarma, Depok."
"Survei LSN: RK Cawapres Teratas Dipasangkan Prabowo, Ganjar, Anies",Ridwan Kamil menduduki posisi teratas di LSN. Posisi kedua ditempati Sandiaga Uno kemudian disusul Agus Harimurti Yudhoyono.
"Capres Papan Atas Survei LSN: Prabowo, Ganjar, Anies","LSN merilis hasil elektabilitas tokoh-tokoh yang masuk bursa capres 2024. Prabowo Subianto, Ganjar Pranowo, dan Anies Baswedan menjadi tokoh capres papan atas."
Puan Dorong Perlindungan bagi Pekerja Migran Terus Diperhatikan,Ketua DPR RI Puan Maharani menyoroti isu perlindungan bagi Pekerja Migran Indonesia.
Puan: Postur Kekuatan TNI Penting untuk Jaga Kedaulatan NKRI,Ketua DPR RI Puan Maharani menekankan pentingnya menjaga postur kekuatan TNI.
Survei Capres Poltracking Indonesia: Anies Berjaya di Jabar,Anies Baswedan menjadi calon presiden (Capres) favorit yang dipilih warga Jawa Barat menjelang Pemilu 2024 versi hasil survei Poltracking Indonesia.
Hasto Ungkap Isi Pertemuan Megawati dan Gibran Tanpa Ganjar di Solo,"Wali Kota Solo yang juga putra Presiden Jokowi, Gibran Rakabuming, sempat dipanggil Ketum PDIP Megawati di Solo. Apa isi pertemuannya?"
Puan Soroti Pengaturan Lalu Lintas Jelang Libur Natal dan Tahun Baru,"Puan menyebut akan ada jutaan masyarakat Indonesia melaksanakan libur Nataru. Oleh karena itu, ia meminta TNI dan Polri memperketat pengamanan."
Kata Hasto soal Ganjar Absen di Pertemuan Mega-Gibran di Solo,Sekjen PDIP Hasto Kristiyanto buka suara terkait tidak adanya Gubernur Jateng Ganjar dalam pertemuan kader partai dengan Ketum PDIP Megawati. Ini kata Hasto.
"Tutup Masa Sidang, Puan Bicara KUHP yang Akhirnya Sah Usai 59 Tahun","Puan Maharani menutup masa sidang 2022/2023 menjelang reses. Dalam pemaparannya, Puan menyinggung KUHP yang akhirnya disahkan setelah 59 tahun dibahas."
DPR Gelar Paripurna Bahas RUU P2SK-Perjanjian Ekstradisi Buronan,DPR RI menggelar rapat paripurna ke-13 masa sidang II 2022-2023. Sidang diagendakan membahas RUU tentang Pengembangan dan Penguatan Sektor Keuangan (P2SK).
"Tok! 39 RUU Masuk Prolegnas Prioritas 2023, Termasuk Revisi UU IKN","Rapat paripurna DPR RI menyetujui sebanyak 39 RUU Prolegnas Prioritas 2023. RUU tersebut meliputi usulan dari DPR, pemerintah, dan DPD."
DPR Resmi Sahkan Omnibus Law Sektor Keuangan UU PPSK,DPR RI mengesahkan RUU Omnibus Law Keuangan menjadi UU. Pengesahan itu dilakukan dalam rapat paripurna DPR ke-13 masa persidangan II tahun sidang 2022-2023.
DPR Sahkan RUU Ekstradisi Buronan RI-Singapura Jadi UU,DPR RI mengesahkan RUU tentang Pengesahan Perjanjian antara Pemerintah Republik Indonesia dan Pemerintah Republik Singapura tentang Ekstradisi Buronan.
"Survei Cawapres Poltracking: AHY Unggul di DKI, Erick Jateng dan RK Jabar","Poltracking Indonesia juga merilis elektabilitas cawapres. Hasilnya, AHY unggul di DKI dan Banten, Erick Thohir unggul di Jateng, dan RK unggul di Jabar."
"Paripurna Prolegnas Prioritas 2023 Jelang Reses, 92 Anggota DPR Fisik",DPR RI menggelar rapat paripurna pengesahan Program Legislasi Nasional (Prolegnas) Prioritas 2023 hari ini.
Analisis Pakar UGM soal Absennya Ganjar dalam Pertemuan Mega-Gibran di Solo,Pakar UGM Wawan Mas'udi menyebut ketidakhadiran Ganjar Pranowo dalam pertemuan tersebut merupakan hal yang wajar karena terkait kesibukan.
"Pakar UGM: Gandengan Gibran, Megawati Tunjukkan Kedekatan dengan Jokowi",Berikut tanggapan pakar politik UGM Wawan Mas'udi mengenai momen gandengan Megawati dan Gibran saat tasyakuran pernikahan Kaesang-Erina di Puro Mangkunegaran.
"Kaesang Foto Pakai Kaus Bertuliskan 'Puan', Gibran: Mungkin Tim Sukses","Kaesang Pangarep mengunggah foto mengenakan kaus bertuliskan 'Puan' di Twitternya. Begini respons kakaknya, Gibran Rakabuming Raka."
Kata PDIP soal Kemungkinan Gibran Maju Pilgub Usai Dipanggil Megawati,"PDIP buka suara soal pertemuan khusus antara Ketum Megawati Soekarnoputri, Ketua DPR sekaligus Ketua DPP Puab Maharani, dan Wali Kota Solo Gibran Rakabuming."
Sekjen PDIP soal Ganjar Dekat dengan Puan: Kan Memang Akrab,Ganjar Pranowo dan Puan Maharani tampak akrab beberapa waktu belakangan. Sekjen DPP PDIP Hasto Kristiyanto mengatakan keduanya memang akrab.
Puan Dorong Kepastian Perlindungan untuk WNI di Qatar,Ketua DPR RI Puan Maharani meminta Dewan Syuro Qatar agar memberi perhatian terhadap Warga Negara Indonesia (WNI) di Qatar.
Cerita Puan Kerja Keras Jadi Politisi hingga Diakui Publik,Ketua DPR RI Puan Maharani membagi kisah awal mula kiprahnya dalam dunia politik.
Kebersamaan Megawati dan Gibran di Solo: Gandeng Tangan-Pertemuan di Hotel,Momen kebersamaan Megawati dan Gibran Rakabuming Raka terlihat di Solo. Setidaknya ada dua momen kebersamaan Megawati dan Gibran.
Kala Megawati Panggil dan Beri Wejangan ke Gibran di Solo,"Walkot Solo Gibran Rakabuming mengungkap pertemuannya dengan Ketum PDIP Megawati, hingga Ketua DPC PDIP Solo FX Rudy. Gibran mengaku diberi banyak wejangan."
Jalan Mulus Laksamana Yudo Jadi Panglima TNI dari Senayan,Jalan Laksamana Yudo Margono menjadi Panglima TNI pengganti Jenderal Andika Perkasa terbilang mulus. Laksamana Yudo akan segara dilantik Presiden Jokowi.
"Ganjar Tak Ikut Pertemuan Megawati dan Gibran, Ini Alasannya","Ganjar Pranowo tak ikut pertemuan Megawati Soekarnoputri, Gibran Rakabuming, hingga petinggi PDIP di Solo. Ganjar mengungkapkan alasannya tak ikut pertemuan."
Momen Gibran Digandeng Megawati hingga Diajak Pertemuan Khusus,Hubungan Megawati dan Gibran Rakabuming tampak kian akrab. Megawati bahkan sempat menggandeng dan memberi wejangan khusus ke Gibran.
"Tak Ikut Pertemuan Megawati-Gibran, Ganjar: Jadwal Agak Padat","Gibran Rakabuming Raka mengungkap pertemuan antara Megawati, Puan, FX Rudy, dan dirinya di hotel, Solo, Senin (12/12). Di pertemuan itu tak ada Ganjar Pranowo."
Dipanggil Megawati Terkait Pilgub 2024? Ini Jawaban Gibran,Gibran Rakabuming Raka dipanggil Ketum PDIP Megawati Soekarnoputri di salah satu hotel di Solo. Megawati dan Gibran Rakabuming bahas Pilgub 2024?
Ada Puan hingga Hasto saat Gibran Bertemu Megawati di Solo,"Gibran Rakabuming sempat dipanggil oleh Megawati Soerkarnoputri. Tidak hanya Gibran, ada Puan Maharani, Hasto Kristiyanto dan FX Rudy saat pertemuan."
"Meutya Hafid: Pelantikan Panglima TNI Bulan Ini, Nggak Mungkin Lebih",Ketua Komisi I Meutya Hafid mengatakan pelantikan Laksamana Yudo Margono sebagai Panglima TNI akan dilakukan pada Desember ini.
Kaesang Pakai Kaus Bergambar Puan: Dibeliin Istri,"Putra bungsu Presiden Jokowi, Kaesang Pangarep, mengunggah foto dirinya memakai baju bergambar Puan Maharani. Kaesang mengatakan kaus itu dibelikan istri."
Cak Imin Harap Yudo Margono Bisa Hadirkan Program Inovatif buat TNI,DPR RI resmi mengesahkan Laksamana Yudo Margono sebagai Panglima TNI dalam Rapat Paripurna yang digelar Selasa (13/12/2022).
"Dipanggil Megawati, Gibran Tegaskan Tak Ada Obrolan soal Pilgub 2024","Wali Kota Solo, Gibran Rakabuming Raka menegaskan tidak ada obrolan soal Pilgub saat dipanggil Ketua Umum PDI Perjuangan, Megawati. Lalu bahas apa?"
DPR Terima Surpres Jokowi soal Calon Dubes RI untuk 13 Negara,DPR RI telah menerima Surpres dari Jokowi mengenai calon dubes RI untuk negara sahabat. Sekitar ada 13 calon dubes RI yang akan menjalani uji kelayakan di DPR.
"Ada Puan, Hasto dan FX Rudy Saat Bertemu Megawati, Gibran: Artikan Sendiri","""Diartikan sendiri aja pertemuan itu, Pak Sekjen, Pak Ketua DPC, Bu Ketua Umum, Bu Ketua DPR RI, karo aku (dan saya),"" kata Gibran."
"Gibran-FX Rudy Bertemu Mega di Hotel Solo, Ganjar di Mana?","Gibran mengungkap tidak ada Ganjar Pranowo dalam pertemuan antara dirinya, FX Rudy dan Megawati di Hotel Solo. Di mana Ganjar?"
"Gibran Ungkap Diundang Bertemu Megawati di Hotel Solo, Bahas Apa?","Gibran mengaku bertemu Megawati di hotel di Solo, Senin (12/12). Dalam pertemuan itu juga ada FX Rudy. Bahas apa?"
Profil Laksamana Yudo Margono yang Disahkan Jadi Panglima TNI,Laksamana Yudo Margono disahkan menjadi Panglima TNI menggantikan Jenderal Andika Perkasa.
DPR Sahkan Yudo Margono Jadi Panglima TNI-Andika Diberhentikan dengan Hormat,DPR RI menggelar rapat paripurna pengesahan Laksamana Yudo Margono sebagai Panglima TNI pengganti Jenderal Andika Perkasa.
DPR Sahkan Laksamana Yudo Margono Jadi Panglima TNI,"DPR RI akhirnya mengesahkan Laksamana Yudo Margono, sebagai Panglima TNI. Selanjutnya, Yudo akan menggantikan Jenderal Andika Perkasa."
Puan: Piala Dunia Beri Angin Segar bagi Kondisi Global,Ketua DPR RI Puan Maharani menilai Piala Dunia 2022 yang tengah berlangsung membawa angin segar bagi kondisi global yang penuh tantangan.
Ekspresi Laksamana Yudo Margono Saat DPR Sahkan jadi Panglima TNI,Rapat paripurna DPR RI mengesahkan Laksamana Yudo Margono menjadi Panglima TNI. Yudo menggantikan Jenderal Andika Perkasa yang memasuki masa pensiun.
Jenderal Andika Perkasa Diberhentikan dengan Hormat sebagai Panglima TNI,DPR RI menyetujui pemberhentian dengan hormat Jenderal Andika Perkasa sebagai Panglima TNI usai digantikan Laksamana Yudo Margono.
Puan Ungkap Pentingnya Inisiatif Kuatkan Pemberdayaan Perempuan,Ketua DPR Puan Maharani menyampaikan pentingnya inisiatif untuk penguatan pemberdayaan perempuan dalam memberikan kontribusi bagi perdamaian di Afghanistan.
DPR Setujui Pemberhentian dengan Hormat Panglima TNI Jenderal Andika,DPR RI menyetujui pemberhentian dengan hormat Jenderal Andika Perkasa sebagai Panglima TNI. Persetujuan pemberhentian Andika disampaikan rapat paripurna.
Sah! DPR Setujui Laksamana Yudo Margono Jadi Panglima TNI,Laksamana Yudo Margono resmi menjadi Panglima TNI. Pengesahan itu diambil saat pembicaraan tingkat II di rapat paripurna DPR RI ke-12.
DPR Sahkan Laksamana Yudo Margono Jadi Panglima TNI,DPR RI mengesahkan Laksamana Yudo Margono jadi Panglima TNI. Pengesahan itu diambil dalam rapat paripurna ke-12 masa persidangan II tahun sidang 2022-2023.
Anggota DPR Bergantian Salami Yudo Margono Usai Disahkan Jadi Panglima TNI,Laksamana Yudo Margono disahkan menjadi Panglima TNI di rapat paripurna DPR. Yudo lalu disalami oleh para anggota Dewan di ruangan rapat paripurna.
"Disahkan Jadi Panglima TNI, Laksamana Yudo Hormat di Depan Anggota DPR",Ketua DPR Puan Maharani memperkenalkan Laksamana Yudo Margono sebagai Panglima TNI saat rapat paripurna. Laksamana Yudo langsung hormat di hadapan anggota DPR.
Tok! DPR Sahkan Laksamana Yudo Jadi Panglima TNI,DPR RI menggelar rapat paripurna dengan agenda tunggal pengesahan calon Panglima TNI. DPR RI memutuskan Laksamana Yudo Margono sebagai Panglima TNI.
"Paripurna Pengesahan Calon Panglima TNI Yudo, 219 Anggota DPR Absen",Puan membacakan permulaan kehadiran anggota DPR dalam rapat paripurna pengesahan calon panglima TNI Laksamana Yudo Margono melibatkan 356 dari 575 anggota.
Menerka Maksud Megawati Gandeng Gibran di Nikahan Kaesang dan Erina,Menerka maksud Megawati menggandeng Gibran Rakabuming di acara nikahan Kaesang dan Erina. Simak penjelasannya.
"Unggah Foto Bareng Mega dan Puan, Ganjar Tunggu ke Jateng Lagi",Ganjar Pranowo mengunggah foto satu bingkai dengan Megawati Soekarnoputri dan Puan Maharani. Ganjar menunggu kedatangan Megawati dan Puan ke Jateng lagi.
Melihat Lagi Momen Hangat Prabowo dan Megawati di Tasyakuran Kaesang,Ketum Gerindra Prabowo Subianto dan Ketum PDIP Megawati Soekarnoputri menunjukkan momen hangat di pernikahan Kaesang Pangarep.
"Megawati Gandeng Gibran di Pernikahan Kaesang, Kode Tiket Pilgub?",Momen Ketum PDI Perjuangan Megawati menggandeng Gibran saat tasyakuran pernikahan Kaesang dan Erina di Puro Mangkunegaran jadi perhatian. Kode 'tiket' Pilgub?
Momen Megawati Akhirnya Ketemu Jan Ethes di Tasyakuran Kaesang-Erina,"Megawati menghadiri tasyakuran pernikahan putra bungsu Presiden Jokowi, Kaesang dengan Erina. Megawati tampak bercengkerama dengan Jan Ethes."
Saat Megawati Gandeng Tangan Gibran di Nikahan Kaesang dan Erina,"Usai sesi foto, terlihat pemandangan menarik. Terlihat Megawati menggandeng tangan Gibran Rakabuming. Keduanya lalu berjalan seraya berbincang hangat."
Momen-momen Curi Perhatian di Tasyakuran Pernikahan Kaesang dan Erina,Tasyakuran pernikahan Kaesang dengan Erina telah digelar Minggu (11/12) kemarin. Ada sejumlah momen dalam tasyakuran tersebut yang mencuri perhatian. Apa saja?
Gandengan Megawati ke Gibran yang Sudah Seperti Cucu,"Megawati menggandeng tangan Gibran. Momen langka itu menjadi salah satu momen menarik di tasyakuran Kaesang-Erina Gudono di Puro Mangkunegaran, tadi malam."
Megawati hingga SBY Ramaikan Resepsi Pernikahan Kaesang-Erina,Tasyakuran pernikahan Kaesang Pangarep dengan Erina Gudono dihadiri oleh para pejabat. Megawati hingga SBY datang ke acara tersebut.
"Tangannya Digandeng Megawati, Gibran: Saya Kan Kayak Cucu",Ada momen Megawati menggandeng Gibran dalam tasyakuran Kaesang-Erina. Gibran menyebut Megawati sudah mengganggap dirinya seperti cucu sendiri.
Hangatnya Sambutan Keluarga Jokowi Ke Megawati dan Puan,"Mantan presiden ke 5 RI, Megawati datang bersama Puan Maharani ke tasyakuran malam pernikahan Kaesang-Erina di Minggu (11/12) malam."
Gibran Cerita Megawati Sempat Cari Jan Ethes hingga Akhirnya Ketemu,Wali Kota Solo Gibran Rakabuming Raka bercerita Ketum PDIP Megawati Soekarnoputri sempat mencari putranya Jan Ethes. Seperti apa ceritanya?
Momen Akrab Prabowo dan Megawati di Resepsi Pernikahan Kaesang-Erina,Megawati hingga Prabowo menghadiri acara tasyakuran pernikahan Kaesang Pangarep dan Erina Gudono. Pada acara ini Prabowo sempat salim ke Megawati.
Momen Megawati Gandeng Gibran di Tasyakuran Kaesang-Erina Malam Ini,"Presiden ke-5 Megawati Soekarnoputri menjadi salah satu tokoh yang hadir dalam tasyakuran pernikahan putra bungsu Jokowi, Kaesang Pangarep, dan Erina Gudono."
"Dua Mantan Presiden RI, Megawati dan SBY Hadiri Tasyakuran Kaesang-Erina",Presiden ke-5 Megawati Soekarnoputri dan Presiden ke-6 Susilo Bambang Yudhoyono menghadiri tasyakuran pernikahan Kaesang Pangarep dan Erina Sofia Gudono.
Momen Prabowo Salim dengan Megawati di Tasyakuran Kaesang,Menhan Prabowo Subianto dan Presiden ke-5 Megawati Soekarnoputri bertemu di acara tasyakuran pernikahan Kaesang Pangarep dan Erina Gudono malam ini.
Megawati Gandeng Tangan Gibran di Resepsi Pernikahan Kaesang-Erina,Ada momen menarik saat Megawati Soekarnoputri hadir di acara pernikahan Kaesang dan Erina di Solo. Megawati tampak menggandeng Gibran dan berbincang hangat.
"Megawati Hadiri Tasyakuran Malam di Puro Mangkunegaran, Kaesang Salim","Presiden ke-5 RI, Megawati Soekarnoputri, hadir ke resepsi pernikahan Kaesang Pangarep di Puro Mangkunegaran. Megawati ditemani oleh putrinya, Puan Maharani."
Megawati dan Puan Hadiri Tasyakuran Kaesang-Erina di Puro Mangkunegaran,Mantan Presiden RI Megawati Soekarnoputri menghadiri tasyakuran malam pernikahan Kaesang Pangarep dan Erina Sofia Gudono di Puro Mangkunegaran.
Momen Ganjar Jemput Puan di Bandara Sebelum Datang ke Tasyakuran Kaesang,"Ketua DPR Puan Maharani dijemput oleh Gubernur Jawa Tengah Ganjar Pranowo di Bandara Adi Soemarmo, Boyolali. Begini momennya."
"Mendagri Sahkan Provinsi Papua Barat Daya, RI Kini Punya 38 Provinsi",Menteri Dalam Negari (Mendagri) Tito Karnavian meresmikan provinsi baru. Tito meresmikan Provinsi Papua Barat Daya.
Puan Bicara Pentingnya Sinergi Lintas Stakeholder buat Majukan UMKM,Menurut Puan Maharani masih ada beberapa hambatan yang ditemui UMKM dalam membangun bisnisnya.
Puan Sebut Muhammadiyah Bagian dari Kultur Keluarga,Ketua DPR RI Puan Maharani mengungkapkan Muhammadiyah merupakan bagian dari kultur keluarganya.
"Survei LKP: Elektabilitas Prabowo Tertinggi, Moeldoko Kelima",Lembaga Klimatologi Politik (LKP) merilis hasil survei mengenai tingkat elektabilitas. Hasilnya Prabowo teratas dan Moeldoko masuk 5 besar.
"Puan Kunjungi KJRI Jeddah, Cek WNI yang Overstay","Ketua DPR RI Puan Maharani mengunjungi KJRI Jeddah, Arab Saudi. Di sana Puan mendengarkan curhat sejumlah warga negara Indonesia (WNI) yang overstay."
Pesan Puan untuk Antisipasi Euforia Kerumunan Massa Jelang Akhir Tahun,Ketua DPR RI Puan Maharani menyampaikan perhatiannya dalam mengantisipasi kerumunan massa di Tanah Air jelang akhir tahun
Puan Ajak Generasi Muda Berdikari untuk Wujudkan Indonesia Emas 2045,Ketua DPR RI Puan Maharani mendorong para generasi muda untuk mengutamakan prinsip kemandirian dalam membangun bangsa dan negara.
"Yasonna Jelaskan Pasal Zina KUHP Baru, Minta Turis Asing Tak Khawatir","""Tampaknya pelintirannya terlalu jauh. Saya perlu sampaikan hubungan extra marital sex itu adalah delik aduan,"" ucap Menkumham Yasonna Laoly."
Puan Minta Polisi Usut Tuntas Bom Bunuh Diri di Polsek Astana Anyar,Ketua DPR RI Puan Maharani meminta Polri untuk mengusut tuntas bom bunuh diri di Polsek Astana Anyar. Dia mengatakan peristiwa serupa tak boleh terulang.
"Dicurhati WNI Overstay, Puan Janji Dukung Pasporisasi Diperpanjang",Ketua DPR Puan Maharani yang mendengar curhat para WNI overstay mengaku siap mendukung jika Kemenkumham dan KJRI Jeddah ingin memperpanjang program pasporisasi.
Puan Cek Pasporisasi WNI Overstay di Saudi: Antrenya Lama Nggak?,Puan mengecek layanan Pasporisasi bagi WNI yang overstay di Arab Saudi. Puan pun bertanya soal layanan pasporisasi ke para WNI yang mengikuti program ini.
"Survei Capres LSJ: Prabowo Tembus 30%, Anies 20,5% dan Ganjar 19,7%","Lembaga Survei Jakarta (LSJ) merilis survei calon presiden (capres) di 2024. Hasilnya, elektabilitas Ketum Partai Gerindra Prabowo Subianto 32,3 persen."
Puan Dorong UMKM RI Diperkuat agar Jadi 'Raja' di Negeri Sendiri,"Menurutnya, hal tersebut didasari karena UMKM memiliki kontribusi yang besar terhadap perekonomian dan penyerapan tenaga kerja di Indonesia."
Puan Tegaskan Pentingnya Suara Perempuan dalam Keputusan Kebijakan,Menurutnya hal ini bisa menambah perspektif kebijakan publik sehingga kebijakan tersebut bisa bermanfaat bagi seluruh masyarakat.
Resmi RKUHP Jadi UU Meski Diwarnai Interupsi,"RKUHP resmi disahkan oleh DPR RI jadi Undang-undang (UU). Meski begitu, proses pengesahan KUHP baru dalam rapat paripurna tersebut ternyata diwarnai interupsi."
RKUHP yang Kontroversial Akhirnya Sah Jadi Undang-undang Setelah 62 Tahun,RKUHP resmi disahkan DPR per Selasa (6/12/2022) meski diwarnai sejumlah kontroversi. Pengesahan itu juga dilakukan 62 tahun berlalu sejak 1960 silam.
Pengesahan RKUHP oleh DPR Jadi Sorotan Media Internasional,RKUHP resmi disahkan menjadi undang-undang oleh DPR RI hari ini. Pengesahan RKUHP tersebut ternyata jadi sorotan media asing.
Puan Ajak Pemuda Terapkan Ajaran Trisakti Bung Karno & Gotong Royong,Ketua DPR RI Puan Maharani mengajak kaum muda untuk menerapkan prinsip Trisakti Bung Karno.
Puan Dorong Perempuan Berani Jadi Pemimpin: Jangan Merasa Tidak Bisa,"Menurut Puan, perempuan harus menjauhi pikiran bahwa perempuan tidak bisa jadi pemimpin."
Wamenkum soal Pengesahan RKUHP: 59 Tahun Terburu-buru? Debat dengan Kami,"Wakil Menteri Hukum dan HAM, Edward Omar Sharif Hiariej, tak terima jika pengesahan RKUHP dikesankan terburu-buru. Pasalnya, prosesnya sudah 59 tahun."
Kawat Berduri Terpasang di Depan DPR Jelang Aksi Penolakan RKUHP,Sejumlah elemen masyarakat berencana melakukan aksi menolak pengesahan RKUHP di depan gedung DPR. Kawat berduri telah terpasang di depan gedung DPR.
DPR Resmi Sahkan RKUHP Jadi UU,"DPR RI resmi mengesahkan RKUHP menjadi UU. Meski demikian, pengesahan itu sempat diwarnai perdebatan alot dengan PKS."
Menkumham Yasonna: Kita Patut Bangga Punya KUHP Sendiri,DPR RI resmi mengesahkan RUU KUHP menjadi UU. Menkumham Yasonna mengatakan hal itu patut dibanggakan karena RI memiliki KUHP sendiri.
"Tok! DPR RI Sahkan RKUHP Jadi UU, Anggota Fraksi PKS Keluar",Akhirnya DPR RI mengesahkan RKUHP menjadi undang-undang dalam paripurna. Meski sempat ada perdebatan panas dan penolakan dari berbagai pihak.
285 Anggota Dewan Absen Saat RKUHP Disahkan Jadi UU,DPR menggelar rapat paripurna pengesahan RKUHP menjadi undang-undang. Sebanyak 285 anggota Dewan absen dalam rapat tersebut.
DPR RI Sahkan RKUHP Jadi Undang-undang!,DPR RI resmi mengesahkan Rancangan Kitab Undang-Undang Hukum Pidana (RKUHP) menjadi undang-undang.
"WO Paripurna, Legislator PKS Tolak Pasal Penghinaan Presiden di RKUHP",Anggota Komisi VIII DPR RI Fraksi PKS Iskan Qolba Lubis walk out (WO) saat rapat paripurna pengesahan RKUHP. Dia menolak pasal penghinaan presiden.
"Diwarnai Interupsi Panas dari PKS, DPR Sahkan RKUHP Jadi UU",Ketua Komisi III DPR Bambang Wuryanto atau Bambang Pacul menyampaikan laporan pembahasan RKUHP bersama pemerintah sebelum disetujui rapat paripurna DPR RI.
Pengamat Sebut Puan Sebagai Capres adalah Harga Mati Bagi PDIP,Pengamat politik Adi Prayitno menilai PDIP akan serius mencapreskan Puan Maharani di 2024.
Guru Besar UPI Nilai Sosok Ridwan Kamil Berbeda dengan Puan-Ganjar-Anies,"Guru Besar Komunikasi Politik UPI menilai Ridwan Kamil punya sisi berbeda dibandingkan Puan Maharani, Ganjar Pranowo, dan Anies Baswedan. Apa itu?"
"Tiba di Jeddah, Puan Bakal Tinjau Pasporisasi WNI Overstay","Ketua DPR RI Puan Maharani melakukan kunjungan kerja ke Jeddah, Arab Saudi. Puan bakal mengecek proses pasporisasi bagi WNI yang overstay di Saudi."
Guru Besar UPI Sebut Sosok Ridwan Kamil Beda dengan Puan-Ganjar-Anies,"Guru Besar Komunikasi Politi UPI Karim Suryadi menilai sosok Ridwan Kamil berbeda dengan Puan, Ganjar dan Anies."
Puan Maharani Harap IKN Jadi Simbol Nasional & Acuan Dunia,Pembangunan Ibu Kota Negara (IKN) Nusantara diharapkan dapat menjadi penggerak ekonomi Indonesia di masa depan.
Asa Puan bagi Pebisnis Muda: Bangun Daya Saing & Perkuat Ekonomi RI,"Karenanya, ia berharap para pengusaha muda bisa bekerja sama, bergotong royong dalam membangun kemajuan bangsa."
AJI Denpasar Gelar Aksi Tunggal Tolak 17 Pasal 'Pembungkam' Pers,"Aliansi Jurnalis Independen (AJI) Denpasar menggelar demonstrasi berupa aksi tunggal pada Senin (5/12/2022) di depan monumen Bajra Sandhi, Jalan Raya Puputan."
Dalam Labirin Koalisi,"Relasi antara presidensialisme, koalisi politik, dan multipartai bukanlah relasi yang permanen, tetapi relasi sementara yang kapan saja bisa berubah."
"Isu Jokowi Bakal Bertindak Jika Suara Capres Tak Capai 30%, Begini Surveinya",Elite PKB Faisol Riza yakin Jokowi bakal ambil langkah serius jika suara capres tak capai 30% di survei. Begini update terkini survei para tokoh capres.
"Temui Pimpinan Parlemen Qatar, Puan Dorong Peningkatan Investasi di RI",Ketua DPR RI Puan Maharani melakukan pertemuan bilateral dengan Ketua Majelis Syuro Qatar Hassan bin Abdullah Al-Ghanim.
"Hasil Survei MIPOS: 65,8% Publik Pilih Duet Prabowo-Ganjar di 2024","Hasil survei MIPOS menunjukkan sebanyak 47,9% responden setuju jika pasangan Prabowo-Ganjar duet di 2024."
Duet Prabowo-Ganjar Ungguli Anies-AHY di Survei MIPOS,"MIPOS merilis hasil simulasi head to head capres dan cawapres di 2024. Hasilnya, pasangan Prabowo Subianto-Ganjar Pranowo unggul dibanding calon lain."
"Survei MIPOS: 65,8% Responden Setuju Duet Prabowo Ganjar di 2024",MIPOS melakukan survei terkait pasangan capres dalam Pemilu 2024. Mayoritas responden setuju jika Prabowo Subianto dan Ganjar Pranowo berduet di 2024.
"Survei MIPOS: Prabowo 32,4%, Ganjar vs Anies Ketat","MIPOS melakukan survei terkait elektabilitas para kandidat capres Pemilu 2024. Berdasarkan hasil survei, elektabilitas Prabowo Subianto tertinggi dengan 32,4%."
Momen Prabowo-Puan Hadiri Pengukuhan Dasco Jadi Guru Besar Universitas Pakuan,"Wakil Ketua DPR, Sufmi Dasco Ahmad resmi dikukuhkan sebagai Guru Besar Bidang Ilmu Hukum Universitas Pakuan."
"Survei Cawapres Indikator: RK Teratas, Erick Thohir Makin Menguat","Lembaga survei Indikator Politik Indonesia merilis survei elektabilitas cawapres. Hasilnya, RK tertinggi, sedangkan elektabilitas Erick Thohir juga menguat."
Puan Paparkan Pentingnya Kolaborasi DPR-Pengusaha untuk Perkuat Ekonomi,"Dalam hal ini, Puan menyebut DPR turut memegang peranan penting dalam mendorong pengusaha. Mengingat, semua kebijakan perlu persetujuan DPR."
"Puan: UMKM Bukan Hanya yang Menengah, tapi Juga Wong Cilik",Puan menilai meningkatkan sektor UMKM menjadi salah satu upaya dalam menggenjot perekonomian nasional.
"Genjot Ekonomi, Puan Dorong Pengusaha Besar Sinergi dengan UMKM",Puan menilai peran UMKM sangat penting bagi keberlangsungan perekonomian nasional.
Puan Dorong Wisudawati UBK Raih Mimpi: Jangan Mau Kalah dari Laki-laki!,Ketua DPR RI Puan Maharani mendorong lulusan Universitas Bung Karno (UBK) agar tidak takut dalam meraih mimpi.
Posisi Puan di DPR Disebut Buka Peluang Wanita Berkiprah di Politik,"Peneliti di Pusat Riset Politik, Badan Riset dan Inovasi Nasional (BRIN) Luky Sandra Amalia memuji kinerja Ketua DPR RI Puan Maharani."
"Profil Sufmi Dasco Ahmad, Pimpinan DPR yang Dikukuhkan Jadi Guru Besar","Profil Sufmi Dasco Ahmad, Wakil Ketua DPR RI kini telah resmi dikukuhkan sebagai Guru Besar Bidang Ilmu Hukum Universitas Pakuan pada Kamis (1/12/2022)."
Survei Indikator Politik: Ridwan Kamil Melejit di Bursa Cawapres,Indikator PolitikIndonesia merilis hasil survei terkait elektabilitas tokoh yang masuk bursa cawapres 2024. Hasilnya Ridwan Kamil berada di posisi teratas.
"Survei Indikator Politik: Ganjar Teratas tapi Tren Suara Turun, Anies Kedua",Indikator Politik Indonesia merilis hasil survei terkait elektabilitas tokoh yang masuk bursa capres 2024. Hasilnya Anies Baswedan menempati posisi teratas.
"Kaesang Nikah, Kadishub Klaten Kaji Aturan Operasional Truk Pasir","""Itu (penghentian truk pasir) nanti kita kaji,"" kata Kadishub Klaten Supriyono ketika ditanya soal operasional truk pasir saat pernikahan putra bungsu Jokowi."
Waka DPR Sufmi Dasco Dikukuhkan Jadi Guru Besar Ilmu Hukum Universitas Pakuan,Wakil Ketua DPR Sufmi Dasco resmi dikukuhkan sebagai Guru Besar Ilmu Hukum Universitas Pakuan. Pengukuhan itu dilakukan oleh Rektor Universitas Pakuan.
Prabowo hingga Kapolri Hadiri Pengukuhan Guru Besar Pimpinan DPR Dasco,Menhan RI sekaligus Ketua Umum Partai Gerindra Prabowo Subianto hingga Kapolri Jenderal Listyo Sigit Prabowo hadir dalam pengukuhan guru besar Sufmi Dasco.
Puan Jabarkan Cara Tingkatkan Perekonomian Bangsa melalui Pasar Nasional,Puan Maharani mengatakan Indonesia membutuhkan pasar nasional yang kondusif untuk memperkuat dan menumbuhkan perekonomian bangsa.
Puan Harap Kerja Sama Antar Parlemen RI-Kamboja Terus Ditingkatkan,Puan mengungkapkan Indonesia bermaksud untuk berinvestasi dalam proyek pengembangan moda transportasi kereta api guna mendukung konektivitas Kamboja.
"Orasi Ilmiah di Wisuda UBK, Ini Pesan Puan untuk Para Sarjana","Dalam kesempatan itu, ia mengajak para wisudawan/wisudawati untuk berpartisipasi membangun Indonesia."
"Musra Hong Kong Relawan Jokowi: Ganjar Capres Terkuat, Airlangga Cawapres",Musyawarah Rakyat Indonesia (Musra) Hong Kong yang digelar relawan Presiden Joko Widodo (Jokowi) menghasilkan capres dan cawapres andalan jelang Pemilu 2024.
Dansa Politik Jokowi di GBK,Manuver politik Jokowi di GBK dianggap gimik unjuk kekuatan dukungan yang menyaingi PDI Perjuangan.
"Sebut Ada Kesamaan Nilai, Puan Sambut Baik Hubungan RI-AS",Ketua DPR RI Puan Maharani menyambut baik hubungan bilateral antara Indonesia dengan Amerika Serikat yang terus berjalan positif di tengah dinamika geopolitik.
"Duet Prabowo-Cak Imin Unggul di Survei Median, PKB Optimistis Tatap 2024",PKB optimis tatap Pemilu 2024 karena duet Prabowo dan Cak Imin unggul di simulasi head to head capres dan cawapres untuk Pemilu 2024 hasil survei Median.
Rotasi Matra di Balik Alasan Jokowi Pilih KSAL Jadi Panglima,KSAL Laksamana Yudo Margono telah diajukan Presiden Jokowi ke DPR RI untuk menggantikan Jenderal Andika Perkasa menjadi Panglima TNI. Apa alasannya?
Legislator PAN Sebut Calon Panglima TNI Yudo Margono Punya PR Amankan Pemilu,Legislator PAN Rizki Sadig menilai pemilihan Yudo Margono sebagai calon Panglima TNI tepat. Dia menyebut Yudo punya PR mempersiapkan pengamanan jelang pemilu.
"Perkuat Ketahanan RI, Puan Dukung Pemenuhan MEF TNI AL","Ketua DPR RI Puan Maharani akan terus mendukung kemajuan alutsista TNI, termasuk kapal-kapal laut milik TNI AL."
"Elektabilitas Prabowo Nomor Wahid di Jatim, Ungguli Ganjar dan Anies",Elektabilitas Prabowo Subianto sebagai capres mengungguli Ganjar Pranowo di Jatim. Hal itu berdasarkan survei terbaru capres.
"Survei Litbang Sin Po: Pilpres 2024 2 Paslon, Prabowo Pemenangnya",Survei ini mengadu kekuatan Prabowo Subianto dengan Gubernur Jawa Tengah Ganjar Pranowo hingga mantan gubernur DKI Jakarta Anies Baswedan.
Simulasi Charta Politika: Angka Ganjar-Prabowo Sangat Tinggi,Charta Politika melakukan simulasi agak berbeda dengan memasangkan Gubernur Jawa Tengah Ganjar Pranowo dan Ketum Partai Gerindra Prabowo Subianto.
Kata Komisi I DPR soal Jadwal Fit and Proper Test Calon Panglima TNI Yudo,Komisi I DPR mengungkap progres pelaksanaan fit and proper test Laksamana Yudo Margono sebagai calon Panglima TNI.
"Survei Capres Charta Politika: Ganjar 32,6%, Anies 23,1% dan Prabowo 22%","Charta Politika Indonesia merilis hasil survei elektabilitas capres 2024. Hasilnya, Ganjar Pranowo unggul daripada Anies Baswedan dan Prabowo Subianto."
Puan Kenang Hubungan 'Mesra' RI-Kamboja di Masa Lalu,Hubungan dekat antara Indonesia dan Kamboja di masa lalu perlu ditumbuhkan melalui program kerja sama yang dapat saling menguntungkan.
Puan Sebut DPR Siap Tindaklanjuti KSAL Yudo Margono Jadi Panglima TNI,DPR akan menindaklanjuti terkait dengan mekanisme pergantian atau pengangkatan Panglima TNI yang baru.
Duet Prabowo-Cak Imin Unggul Lawan Semua Paslon di Survei Median,"Lembaga survei Median merilis hasil simulasi head to head capres-cawapres di 2024. Hasilnya, paslon Prabowo dan Cak Imin mengalahkan semua paslon."
"Survei Median: Elektabilitas Prabowo Tertinggi, Anies vs Ganjar Beda 0,1%","Median melakukan rilis survei elektabilitas tokoh calon presiden dan wakil presiden 2024. Hasilnya elektabilitas Prabowo berada di urutan pertama dengan 24,2%."
Pakar Politik UGM: 'Endorsemen' Pemimpin Rambut Putih Jokowi Belum Final,"Menurut pakar politik UGM Wawan Mas'udi, 'endorsemen' terhadap 'pemimpin merakyat yang berambut putih' oleh Presiden Jokowi itu belum final."
Siapa Calon Panglima TNI? Ini Sosok Laksamana Yudo Margono,Siapa calon Panglima TNI sekarang? KSAL Laksamana Yudo Margono diajukan sebagai calon panglima TNI pengganti Jenderal Andika. Ini profil Laksamana Yudo Margono
Sosok Calon Panglima TNI Kelahiran Madiun Pengganti Jenderal Andika,"Kepala Staf Angkatan Laut (KSAL) Laksamana Yudo Margono menyita perhatian, setelah diajukan menjadi calon Panglima TNI. Yuk mengenal Laksamana Yudo lebih jauh!"
"Intip Garasi Calon Panglima TNI Yudo Margono: Ada Fortuner, Pajero, Alphard","Laksamana Yudo Margono resmi ditetapkan sebagai calon Panglima TNI. Bicara soal koleksi otomotif, kendaraan apa saja yang ada di garasi rumah Laksamana Yudo?"
3 Fakta Laksamana Yudo Calon Panglima TNI Pengganti Jenderal Andika,Jokowi resmi mengajukan nama KSAL Laksamana Yudo Margono sebagai calon Panglima TNI menggantikan Jenderal Andika Perkasa. Yudo akan menjalani uji kepatutan.
"Calon Kuat Panglima TNI Baru, Yudo Margono Bakal Dapat Gaji-Tunjangan Segini",KSAL Laksamana Yudo Margono akan menjadi calon panglima TNI dan menggantikan Panglima TNI Jenderal Andika Perkasa yang memasuki masa pensiun.
Profil KSAL Laksamana Yudo Margono Calon Panglima TNI,DPR dan Kemensetneg mengumumkan KSAL Laksamana Yudo Margono sebagai calon Panglima TNI menggantikan Jenderal Andika Perkasa. Berikut ini profil Laksamana Yudo.
Momen Puan Bikin Penasaran Saat Umumkan Calon Panglima TNI Yudo,"Puan Maharani sempat membuat penasaran di detik-detik dirinya hendak membacakan nama calon panglima TNI yang baru, yaitu Laksamana Yudo Margono."
Yudo Margono Diusulkan Jadi Calon Panglima TNI,KSAL Laksamana Yudo Margono diusulkan menjadi calon panglima TNI menggantikan Andika Perkasa. Hal tersebut diumumkan DPR RI bersama Kemensetneg.
KSAL Laksamana Yudo Margono Resmi Jadi Calon Panglima TNI,Ketua DPR RI Puan Maharani mengumumkan KSAL Laksamana Yudo Margono sebagai calon Panglima TNI menggantikan Jenderal Andika Perkasa.
Jawaban Singkat Puan soal Kode Jokowi 'Pemimpin Rambut Putih',Ketua DPR RI sekaligus elite PDIP Puan Maharani merespons heboh soal 'pemimpin rambut putih' yang disampaikan Presiden Joko Widodo (Jokowi).
Pemerintah Harap Proses Calon Panglima TNI di DPR Selesai Sebelum 15 Desember,Pemerintah berharap proses pergantian Panglima TNI di DPR dapat selesai sebelum DPR memasuki masa reses pada 15 Desember.
