Username,Konten,Lokasi
PUANnews,"#Pemko Pekanbaru Segera Inventarisir Kerugian Akibat Pasar Cik ... - Riau Online 
#PuanMaharani

https://t.co/rgpXwoinl7","Gatakrejo, Nguter, Sukoharjo"
PUANnews,"#Profil Silvia Halim: Puan MRT Jakarta yang Ditunjuk Jokowi Jadi Deputi Otorita IKN - Head Topics 
#PuanMaharani

https://t.co/66RYInVFiM","Gatakrejo, Nguter, Sukoharjo"
anaknusantara17,@Lintas_Jaman Presiden @PDI_Perjuangan rasa @PartaiGolkar . CC @mohmahfudmd @puanmaharani_ri @jokowi,
JatengTV,(07) Kelebihan lainnya dari PT Peroangan adalah mendapatkan prioritas dalam mengakses berbagai program pemerintah yang dikhususkan untuk UMKM. #ptperorangan #badanhukum #badanusaha #ganjarpranowo #prabowo #aniesbaswedan #puanmaharani #pilpres2024 https://t.co/HRqCfZUnue,"Semarang, Jawa Tengah"
rahdanim,@judaskiss69 @ramengvrl @puanmaharani_ri Emang bansat lo ye! Dri masany papa J sampai di era jokowi. Jdi cepu mulu!,Heaven
machrilmachril1,@RambaImelda @DanaPensiun22 @erickthohir @Jiwasraya @jokowi @mohmahfudmd @puanmaharani_ri @AryaSinulingga @Kiyai_MarufAmin @rahayupuspa7 @ojkindonesia @KSPgoid Kita harus semangat; yang kita perjuangkan Bukan Hanya hak Nasabah tetapi juga ke wibawa an Hukum dan Peraturan.,"Denpasar, Bali"
langitbirubth,"@PDIPerjuangan 
@msoekarnoputri 
@puanmaharani_ri 

Makin jelas anda2 semua adalah partai komunis perjuangan indonesia! 

https://t.co/YmEczRCU75",
WongRuwet2024,"saiki aku wes sadar terlalu goblok mencintaimu
RUNGKAT entek tenanan bondone rakyat mbok enggo dolanan
@PDemokrat @Gerindra @PartaiGolkar @NasDem @PDIP_JATIM @SBYudhoyono @AgusYudhoyono @ganjarpranowo @puanmaharani_ri  
@fyp
@beritajatimcom 
@liputan6dotcom 
@jawapos 
@kompascom https://t.co/2Rowc1c8eM",
kipay__,"@Askrlfess @Alitakata yang bener gini kli â€”&gt; puan maharani siap maju jadi capres 2024 karena dipaksa, rakyat sampai tidak bisa tidur",
RambaImelda,"@DanaPensiun22 @machrilmachril1 @erickthohir @Jiwasraya @jokowi @mohmahfudmd @puanmaharani_ri @AryaSinulingga @Kiyai_MarufAmin @rahayupuspa7 @ojkindonesia @KSPgoid mantap Pak kaosnya ğŸ‘, tetap semangat utk memperjuangkan hak nasabah",
Aniespedia,"Wacanakan terus-menerus agar PDIP akhirnya mengajukan calon yang paling lemah secara politik. Hal ini sudah dimulai oleh Refly, Rocky, Musni dan Ubedillah yang selalu mewacanakan agar PDIP mengusung Puan Maharani. #Pilpres2024 Jarnas Anies Baswedan Kadrun Khilafah PKS AHY Jokowi",Indonesia
titusthok,@CahNom81 Nitip salam Bu @puanmaharani_ri buat ibunya,
PUANnews,"#Seratusan kios di Pasar Cik Puan Pekanbaru terbakar - Elshinta 
#PuanMaharani

https://t.co/2zlu4Tr8RY","Gatakrejo, Nguter, Sukoharjo"
Ini_ajunk,Pilpres 2024: Prabowo Subianto Jelaskan Kemungkinan Berpasangan dengan Puan Maharani - Kompas TV https://t.co/UPqOvuchfv #IndonesiaKuat #BangkitBersama,jakarta
judaskiss69,@rahdanim @ramengvrl @puanmaharani_ri,
JatengTV,(04) Pada PT Perorangan seluruh kendala dan resiko kerugian serta keuntungan akan dihadapi dan ditanggung oleh pemilik usaha itu sendiri. #ptperorangan #badanhukum #badanusaha #umkm #ganjarpranowo #prabowo #aniesbaswedan #puanmaharani #pilpres2024 https://t.co/HRqCfZUnue,"Semarang, Jawa Tengah"
PUANnews,"#400 Kios Pasar Cik Puan Pekanbaru Hangus Terbakar - https://t.co/WPcIliBPMa - https://t.co/WPcIliBPMa 
#PuanMaharani

https://t.co/6Zyt9GSrbB","Gatakrejo, Nguter, Sukoharjo"
PUANnews,"#Pemko Pekanbaru segera Inventarisir Kerugian Kebakaran Pasar ... - https://t.co/qP1vccJjjY 
#PuanMaharani

https://t.co/KflEpxd01R","Gatakrejo, Nguter, Sukoharjo"
PUANnews,"#Lestarikan Budaya Indonesia, Relawan Puan Gelar Lomba Estaget Egrang - Head Topics 
#PuanMaharani

https://t.co/IJ6hgRKuQa","Gatakrejo, Nguter, Sukoharjo"
f_andhikaa,Puan Maharani,Tristan da Cunha
AnKiiim_,@clatenicoev @puanmaharani_ri woeellaaaahh  ğŸ¤£ğŸ¤£,ğŸ¤ LaeoEola91
clatenicoev,"@AnKiiim_ @puanmaharani_ri Apa ibu"" suruh dugem","Province of Moscow, Russia"
apr76499232,"pernyataan @puanmaharani_ri  
https://t.co/X7qERUWfpD",Jakarta
dicaprio_deni,"@puanmaharani_ri Kalau ga dateng ke pengajian ga bakal tau bu tentang bagaimana rasulullah bisa di teladani.
ğŸ˜ğŸ˜ğŸ˜",
CrossForMary,@alpukitkat tolong dibantu kak Puan @puanmaharani_ri ini mumpung akunnya ga digembok,Scotland Yard
perempuansahab1,"Dalam Rangka hari Ulangtahun PDIP yang ke 50
P S Puan mengikuti kegiatan Lomba Senam SICITA dan Meraih JUARA 1 (Pertama),Tangerang - Banten , 19 Februari 2023.  @puanmaharani_ri https://t.co/MYYErNLvCy",Tangerang
CrayonJihan,@DrawForRiski @CrayonJaehyuk Puan Maharani,2004 aj g kurang g lebih
PUANnews,"#Banyak Warga Menonton Kebakaran Pasar Cik Puan Sebabkan Jalan Petugas Pemadam Terhambat - Kompas TV 
#PuanMaharani

https://t.co/gYKTVLeIQB","Gatakrejo, Nguter, Sukoharjo"
PUANnews,"#Pasar Cik Puan Hangus Terbakar, Damkar Kerahkan 10 unit Armada - https://t.co/EyaxhUqy0w 
#PuanMaharani

https://t.co/RxG22lowbC","Gatakrejo, Nguter, Sukoharjo"
PUANnews,"#Relawan Puan Ikut Melestarikan Kebudayaan lewat Lomba Egrang - Hallo Indo 
#PuanMaharani

https://t.co/B5ps0kKAEF","Gatakrejo, Nguter, Sukoharjo"
Ryandhiaprilien,@jek___ @puanmaharani_ri ehem,
amir_alv,"Maaf beribu maaf...urus aja anak anda @puanmaharani_ri yang mau nyapres 2024, apakah sudah meningkat elektabilitasnya...kalau belum coba sewa Lembaga Survey abal2 yang banyak di negeri ini untuk membuat hasil survey sesuai Permintaan...yang penting bayarannya pas...ğŸ‘ğŸ‘ğŸ‘ğŸ¸ğŸ”¨ğŸ¸ğŸ”¨",
PUANnews,"#Pencapresan Puan Moncer jika Berduet dengan Gus Yahya - https://t.co/wtfCDK43in 
#PuanMaharani

https://t.co/c36UHYZw5b","Gatakrejo, Nguter, Sukoharjo"
PUANnews,"#Relawan Puan Ikut Melestarikan Kebudayaan lewat Lomba Egrang - https://t.co/6RB1tx87am 
#PuanMaharani

https://t.co/QXZ2wRVbiL","Gatakrejo, Nguter, Sukoharjo"
PUANnews,"#Begini Suasana Memilukan Saat Kebakaran Hebat Melanda Pasar Cik Puan Pekanbaru - https://t.co/6RB1tx87am 
#PuanMaharani

https://t.co/uUB0x1K7cZ","Gatakrejo, Nguter, Sukoharjo"
trashfromyourl,@tanyakanrl puan maharani,Indonesia
PUANnews,"#Gelar Lomba Egrang, Cara Relawan Puan Lestarikan Budaya - VIVA - https://t.co/KQfLvpkQwV 
#PuanMaharani

https://t.co/qSJ4wfJNm7","Gatakrejo, Nguter, Sukoharjo"
PUANnews,"#Pasar Cik Puan Pekanbaru Terbakar, Seratusan Kios Tinggal Arang - https://t.co/6RB1tx87am 
#PuanMaharani

https://t.co/WPq664k5lt","Gatakrejo, Nguter, Sukoharjo"
PUANnews,"#Seratusan kios di Pasar Cik Puan Pekanbaru terbakar - ANTARA 
#PuanMaharani

https://t.co/7igGc5MQZc","Gatakrejo, Nguter, Sukoharjo"
PUANnews,"#Air Mata Pedagang Bercucuran, Kiosnya di Pasar Cik Puan ... - Tribun Pekanbaru 
#PuanMaharani

https://t.co/KwVmkRgRlV","Gatakrejo, Nguter, Sukoharjo"
MakhfudzSolaim1,@z_soleh @jokowi @prabowo @mohmahfudmd @titokarnavian_ @KemensosRI @puanmaharani_ri @cakimiNOW Hidup Hansip,"Cimahi Selatan, Indonesia"
RelawanPuan_ID,"Relawan Puan mengadakan Lomba Egrang yang diikuti ratusan warga, bertempat di Jalan Mbah Jambul, Desa Mundurejo, Kec. Umbulsari, Kab. Jember

Selain mendapat doorprize, peserta lomba juga mendukung Puan Maharani untuk maju Pilpres 2024.

#relawanpuan #2024bersamapuan https://t.co/FRgAJ5Sddc",
RelawanPuan_ID,"Relawan Puan membagikan ratusan paket bantuan sembako kepada masyarakat yang membutuhkan di Jalan Kenanga, Desa Sidorejo, Kec. Umbulsari, Kab. Jember

Selain senang atas kepedulian Relawan puan, warga juga mendukung Puan Maharani maju Pilpres 2024

#relawanpuan #2024bersamapuan https://t.co/c51deQloI5",
RadarKorupsi,"Sekali Hasto bicara dimedia, dua digit turun elektabilitas partai PDIP. @puanmaharani_ri","Apart Prada Menteng, Indonesia"
JatengTV,(11) Pemilik PT Perorangan bisa melakukan pemisahan kekayaan pribadi dan bisnis secara formal karena memiliki NPWP yang terpisah. #ptperorangan #badanusaha #umkm #ganjarpranowo #prabowo #aniesbaswedan #puanmaharani #pilpres2024 #IndonesiaHebat #Jokowi https://t.co/HRqCfZUnue,"Semarang, Jawa Tengah"
ElangUtama2,@jokowi @Kiyai_MarufAmin @bamsoet10 @puanmaharani_ri @DPR_RI  https://t.co/IShiaHd3FM,South East Asia
Nandoreda123,@mku_manis @mohmahfudmd @jokowi @mohmahfudmd @KemensetnegRI @puanmaharani_ri @DPR_RI @KPK_RI @NarasiNewsroom @NajwaShihab @AimanWitjaksono,
JatengTV,(12) PT Perorangan memiliki kepastian hukum dan terdaftar resmi di Kemenkumham. Kedudukannya sama seperti PT biasa. #ptperorangan #badanhukum #badanusaha #umkm #ganjarpranowo #prabowo #aniesbaswedan #puanmaharani #pilpres2024 #IndonesiaBangkit #Jokowi https://t.co/HRqCfZUnue,"Semarang, Jawa Tengah"
dian_e_,"@erickthohir keren pak,... jgn lupa mbak @puanmaharani_ri for president ya pak,... anda wakilnya. dapat tuh ticket dari mamak mega ...",(bahasa) bukan partisan partai
PutraPu24709275,@puanmaharani_ri sip.,
PutraPu24709275,@puanmaharani_ri tentunya asik tuh gedungnya.,
PutraPu24709275,@puanmaharani_ri banggsa produk Indonesia.,
PutraPu24709275,@puanmaharani_ri @kamiidea @HGLhouse keren.,
PutraPu24709275,@puanmaharani_ri @nyfw keren.,
PutraPu24709275,@puanmaharani_ri semoga dg memperingati Isra' Mi'raj kita dpt meneladani Rasulloh SAW. aamin.,
PUANnews,"#Pencapresan Puan Moncer jika Gandeng Gus Yahya atau Khofifah - RMOL 
#PuanMaharani

https://t.co/2im7ZI2jtV","Gatakrejo, Nguter, Sukoharjo"
PUANnews,"#Tinjau Musibah Kebakaran Pasar Cik Puan, Pj Wali Kota Pekanbaru ... - Website Resmi Bagian Protokol dan Komunikasi Pimpinan Kota Pekanbaru 
#PuanMaharani

https://t.co/4BzbirbfoC","Gatakrejo, Nguter, Sukoharjo"
PUANnews,"#Kebakaran Pasar Cik Puan, sedikitnya 50 kios hangus - ANTARA 
#PuanMaharani

https://t.co/A8iDYFdDez","Gatakrejo, Nguter, Sukoharjo"
HasanLind2,@puanmaharani_ri Selamat Isra' miraj 1444 H.,
KDien24,"@geloraco Ya, Sebelum Bicara yang Besar2 Sebaiknya Tuntaskan dulu Hal2 Mendasar &amp; Juga Pemikiran, Ucapan dan Perbuatan Mestilah Sejalan Buk @puanmaharani_ri  Bilang, Mungkin Itu Cukup Bawa Bangsa ini Mandiri, Gemilang dan Terbilang dlm Pengelolaan SDA/SDM yg Di Karunia kan Tuhan Maha Esa",
alamteGarr,WORKLIFE BALANCE ( Kemampuan seseorang dalam menyeimbangkan tanggungjawabnya dalam pekerjaan dan hal yang tidak berkaitan dengan pekerjaan ) Setuju mbak @puanmaharani_ri !,"DKI Jakarta, Indonesia"
alamteGarr,"Saya tidak bermaksud peyoratif atau membela siapapun, probabilitas ibu mbak @puanmaharani_ri beradagium dalam niat yang baik, bila kita menangkap niat baiknya,"" Pengajian seyogyanya membuat seseorang semakin paham, tidak meninggalkan kewajiban &amp; responsible ( tanggung jawabnya )","DKI Jakarta, Indonesia"
PUANnews,"#Emiten Suami Puan (PSKT) Sebut Sektor Perhotelan Bakal Lesu Jelang Puasa - https://t.co/3xOCY6ej6K 
#PuanMaharani

https://t.co/k2KSfN8EZW","Gatakrejo, Nguter, Sukoharjo"
PUANnews,"#Ratusan Petani Hingga Masyarakat di Bondowoso Serukan ... - https://t.co/HAR1Q9mG6j 
#PuanMaharani

https://t.co/30Abb0NLRm","Gatakrejo, Nguter, Sukoharjo"
PUANnews,"#Pasar Cik Puan Dilalap Si Jago Merah, Pedagang: Tak Ada yang ... - Riau Online 
#PuanMaharani

https://t.co/QLOtVX3Mol","Gatakrejo, Nguter, Sukoharjo"
PUANnews,"#Pasar Cik Puan Kebakaran, Puluhan Kios Pedagang Hangus ... - https://t.co/NYnajkWWmK 
#PuanMaharani

https://t.co/YhzYTVuFlL","Gatakrejo, Nguter, Sukoharjo"
FaGtng,@AndisBoga @DPR_RI @puanmaharani_ri Typo... Ketua @DPR_RI,
arie_nieh,@ekokuntadhi1 Mba @puanmaharani_ri ga hadir kenapa?? Apakah P3 berank fight dengan pidp #PuanMaharani #puanpresiden,"East Borneo, Indonesia"
asrunmartin84,"@geloraco Yuppp betul PDIP hrusnya mengusung calon Sendiri tanpa hrus koalisi, Ibu Puan Maharani adalah sosok Soekarnois yg mampu membawa Indonesia LBH baik.",
doncharbone,"@democrazymedia Coba tanya Hasto min, apa bu Mega sedang mempersiapkan pasangan pak Prabowo &amp; mbak Puan Maharani?",
JatengTV,"(03) Pemilik PT Perorangan menjadi pemeran utama dalam mengatur kebijakan perusahaannya, termasuk dalam hal pengolahan data dan keuangan. #ptperorangan #sange #ciptakerja #indonesia #umkm #ganjarpranowo #prabowo #aniesbaswedan #puanmaharani #pilpres2024 https://t.co/HRqCfZUnue","Semarang, Jawa Tengah"
AndisBoga,"@FaGtng @DPR_RI Karena tdk disewa maka mahasewapun diam seribu basa.
Ketua MPR @puanmaharani_ri pun tiada suaranya, pdhl momen bagus utk menaikan elektabilitasnya... https://t.co/DBQhhgeML5",
mfthazm,@andrilixx @puanmaharani_ri #SahabatGanjarCiamis,dimana Weh moal bebeja
ExRaa25,@baejoolit Sorry tapi aku bacanya puan maharani :(,
iniakulo10,@baejoolit maap si aku bacanya â€œtemannya puan maharaniâ€ğŸ˜­ğŸ™ğŸ»,
tvOneNews,Ratusan Petani Hingga Masyarakat di Bondowoso Serukan Dukungan Untuk Puan Maharani Maju di 2024 https://t.co/5I8cbEoDMw,Pulo Gadung
Rahmanaziz04,"@Samuder53291026 @prabowo @aniesbaswedan @puanmaharani_ri Assalamualaikum Merdeka
DPW Republik Sulawesi Selatan",
z_soleh,@HeriFirdausas @jokowi @prabowo @mohmahfudmd @titokarnavian_ @KemensosRI @puanmaharani_ri @cakimiNOW ğŸ™ğŸ™ğŸ™,Tazik - Batavia
idenesiaid,"Gaya Puan Maharani berbalut batik saat di New York
https://t.co/3zko7wUIvh","Kota Makassar, Sulawesi Selata"
RCikboy,"@Gadisbaw3l Lgsg temui sj ke rmhnya, minta temani mbak @puanmaharani_ri",
HeriFirdausas,@z_soleh @jokowi @prabowo @mohmahfudmd @titokarnavian_ @KemensosRI @puanmaharani_ri @cakimiNOW Mantap Ji,"Bogor, Jawa Barat"
PUANnews,"#Puan Maharani Tidak Akan Nyaman jika Dipasangkan dengan ... - RMOL 
#PuanMaharani

https://t.co/u2hOWUKefg","Gatakrejo, Nguter, Sukoharjo"
JatengTV,(07) Kelebihan lainnya dari PT Peroangan adalah mendapatkan prioritas dalam mengakses berbagai program pemerintah yang dikhususkan untuk UMKM. #ptperorangan #badanhukum #badanusaha #ganjarpranowo #prabowo #aniesbaswedan #puanmaharani #pilpres2024 https://t.co/HRqCfZUnue,"Semarang, Jawa Tengah"
septiandedek,"Kita lg ngobrol trus ada ribut2 suara gitu dr tmpt rumah warga yg di tabrak rumahnya td, kita mendekatlaah, sesampainya kita (ini parah nih) ternyata ada buk Puan Maharani hahaha
Dia lagi ngobrol sama yg punya rumah sambil marah2 jg sm kita seolah kita yg salah,",
The_Takank,"@akarkangkung_ @puanmaharani_ri Wah lu ngatain beliau ya?
Nih ambil dlu https://t.co/dOETLPBmWK",Banjarmasin ğŸ˜Œ
akarkangkung_,@The_Takank @puanmaharani_ri Brgsk,Hatimu
The_Takank,@akarkangkung_ Halo bu @puanmaharani_ri https://t.co/L9UnWliGXC,Banjarmasin ğŸ˜Œ
Zayy_Zayy5119,@bumnbersatu @ch_chotimah2 @prabowo @puanmaharani_ri Mundur ya mundur saja- cukup pake alasan â€œlelah/keluarga tentu akan lebih elegan. Byk cakap malah kliatan spt jualan kepedihan dan kebaikan- ujung2nya untuk mnarik simpati. Rakyat kita gampang kasihan- saya prihatinğŸ˜‚,"Jagakarsa, Indonesia"
Thiew97034438,"@Paltiwest Bahas jga dong ganjar,puan maharani dan yg lainnya knpa mrka main presiden presidenan....biar terlihat arahnya kmna narasinya",
RelawanPuan_ID,"Relawan Puan memberikan bantuan Pupuk petani di Desa Kerajan, Kel. Kampung Tengah, Kec. Maesan, Kab. Bondowoso. Diharapkan dapat membantu menyuburkan tanaman serta membuat panen berlimpah.

Warga juga mendukung Puan Maharani untuk maju Pilpres 2024.

#relawanpuan #2024bersamapuan https://t.co/dhVO2q6hGS",
pirmansyahpi2t,@xmataelangx Buzzer puan maharani,
DPN_PETANI,Percepatan Penurunan Angka Stunting Nasional Menuju Generasi Emas Indonesia 2045 - Orbit Indonesia cc:Presiden â¦@jokowiâ© â¦@puanmaharani_riâ© â¦@RioDamardjatiâ© â¦@PDI_Perjuanganâ© â¦@BKKBNofficialâ© â¦@pramonoanungâ©  https://t.co/naXVCo7Y29,"Lebak Bulus, Cilandak, DKI"
z_soleh,"Curhatan Para Hansip 
.
@jokowi @prabowo @mohmahfudmd ,@titokarnavian_ @KemensosRI @puanmaharani_ri @cakimiNOW https://t.co/ePZzWqufab",Tazik - Batavia
78Soedono,@puanmaharani_ri Cocok bu puan JD presidenğŸ‘,
nursam_muhammad,"@ch_chotimah2 @aniesbaswedan @satriohendri @jokowi @PDI_Perjuangan @puanmaharani_ri @ganjarpranowo Berobat, Mbak, biar tidak sakit hati dan tdk sakit otak. Udah betul itu, Mbak Puan jauh lebih baik daripada Ganjar.",
Market5tudio,@itsamareguzel Qlo skg gak cukup space nya buat nulis nama pendahulu ..... pea'  otak rezim sekarang ...#brin  @puanmaharani_ri,Paris Van Java - #Indonesia
RelawanPuan_ID,"Relawan Puan memberikan sembako kepada masyarakat yang membutuhkan di Desa Timur Pasar, Kel. Maesan, Kec. Maesan, Kab. Bondowoso

Para warga pun turut senang atas bantuan yang diberikan dan memberikan dukungan kepada Puan Maharani untuk Pilpres 2024

#relawanpuan #2024bersamapuan https://t.co/OJsMVScS7F",
AaHendrik8,Cc @PDI_Perjuangan  @puanmaharani_ri ini nih nasehat dari uni Mardani buat Bu mega â€¦ ğŸ‘‡ğŸ¿,"Kota Bandung, Jawa Barat"
1febri,@zarnaout45 Yg ga ikut ngaji anaknya jd kek puan Maharani,
SofyanY27225101,@puanmaharani_ri Amiin yarobball allamiin ğŸŒŸğŸŒŸğŸŒŸğŸŒŸ,
11kopigila,"@puanmaharani_ri Maaf beribu maaf bu puan tolong tanya nenek mega, nenek mega pernah ikut pengajian?? 
kalau pernah apa bu puan dulu terlantar????

Belum pernah??? ya wajarlah kalau ngomong gitu. https://t.co/b4L99pNQlQ",Ambon
alamdip22,@KompasTV @jokowi @susipudjiastuti @RamliRizal @Kemendag @kementan @CNNIndonesia @cnbcindonesia @kompascom @puanmaharani_ri,
RelawanPuan_ID,"Pemenang Lomba Egrang juga akan mendapatkan doorprize dari Relawan Puan. Tak lupa, peserta lomba juga turut memberikan dukungan kepada Puan Maharani untuk maju Pilpres 2024.

#relawanpuan #2024bersamapuan https://t.co/th5u3Tb4GY",
Aniespedia,"Wacanakan terus-menerus agar PDIP akhirnya mengajukan calon yang paling lemah secara politik. Hal ini sudah dimulai oleh Refly, Rocky, Musni dan Ubedillah yang selalu mewacanakan agar PDIP mengusung Puan Maharani. #Pilpres2024 Jarnas Anies Baswedan Kadrun Khilafah PKS AHY Jokowi",Indonesia
DanaPensiun22,"@machrilmachril1 Pesan dikaosnya : BALIKIN UANG MILIK NASABAH (BUMN) JIWASRAYA
Bagus nggak Pak @erickthohir @Jiwasraya ?

Cc @jokowi @mohmahfudmd @puanmaharani_ri @AryaSinulingga @Kiyai_MarufAmin @rahayupuspa7 @ojkindonesia @KSPgoid",
hrlwnnanoai,"Semoga kelapa ini bisa menghilangkan nikotin di dalam tubuh saya 

#sehat #sehatitusederhana #mantai #batusemuapantainya #puanmaharani #pssi #BBTitan #AllegriOut #BTS https://t.co/XoYQbDlzuq",Laugh Tale
Afgan772,"@Yusrilihza_Mhd Bung Yusril Sayap baitul mukminin @PDI_Perjuangan fungsinya apa ya @puanmaharani_ri @ganjarpranowo @zuhairimisrawi ??
Ibu bangsa mbok ya diajak dan dikasih tau dikit2 manfaat dan barokah pengajian
Berarti benar apa yang pernah disebutin cak Nun @emhaainunnadjib",Indonesia
Afgan772,"@Hilmi28 Sayap baitul mukminin @PDI_Perjuangan fungsinya apa ya @puanmaharani_ri @ganjarpranowo @zuhairimisrawi ??
Ibu bangsa mbok ya diajak dan dikasih tau dikit2 manfaat dan barokah pengajian",Indonesia
aiz_haryanto,"@abjadbiru @keuangannews_id @puanmaharani_ri Hanya saja, Megawati menyarankan dan meminta agar para ibu-ibu ini tetap mengutamakan keluarga, terutama dalam mengurus anak...https://t.co/7L5A9UTCPR",jakarta
aiz_haryanto,"@abjadbiru @keuangannews_id @puanmaharani_ri Jangan terkecoh dengan judul saja,itu propaganda KADRUN,Kendati merasa heran, Megawati dalam pernyataan selanjutnya mengatakan bahwa sebenarnya dirinya tidak bermaksud untuk melarang ibu-ibu mengikuti pengajian. Sebab, dirinya juga pernah ikut pengajian.",jakarta
qwrtpsdfgh,"@brin_watch @jokowi @msaid_didu @fadlizon @pakmul63 @SartonoHutomo @puanmaharani_ri @PartaiSocmed @mazzini_gsp Lembaga yg tidak terlihat faedahnya buat rakyat.
Itu orang cengengesan guna menutup kegundahan dan rasa malu.","Lembang, Indonesia"
AldainSatu,@dea29808 @AurelTritania @puanmaharani_ri Ridho ilahi cinta akan negeri dan menjunjung tinggi nilai keagamaan,
AldainSatu,@ely163535 @AurelTritania @puanmaharani_ri Semoga Allah selalu memberikan kita jalan yang lurus selurus-lurusnya,
AldainSatu,@ayukhanny @AurelTritania @puanmaharani_ri Jangan bicara kan tentang yang lain hal sebelum memulai dari iman dak takwa,
AldainSatu,@muhammadd_deni @AurelTritania @puanmaharani_ri Teladan akan kimananan adalah pertanda bahwa keadilan akan tetap tegak,
AldainSatu,@PertamaPpratama @AurelTritania @puanmaharani_ri Sebagai manusia yang berfikir kita harus terus ingat kepada sang pencipta,
AldainSatu,@AurelTritania @puanmaharani_ri Mari kita senantiasa merestorasi diri dengan meneladani akhlak mulia Nabi Muhammad SAW.,
AldainSatu,"@rauliamawati @puanmaharani_ri Di momen yang istimewa ini, semoga kita bisa semakin mengokohkan iman dan taqwa kepada Allah SWT.",
AldainSatu,@yhendarsyah @puanmaharani_ri Selamat memperingati Isra Miraj 2023 untuk kaum muslimin semuanya. Semoga kita lebih lagi dan bisa mengikuti sunnah Rasulullah SAW.,
AldainSatu,@puanmaharani_ri Semoga momen Isra Miraj bisa memperkuat iman dan amalan kita dalam melaksanakan kewajiban wajib Allah SWT sebagai umat Islam untuk salat wajib 5 waktu.,
AldainSatu,@yhendarsyah @puanmaharani_ri Mari manfaatkan momen ini untuk lebih mendekatkan diri kepada Allah SWT.,
AldainSatu,@puanmaharani_ri Semoga diberikan perlindungan dari yang maykuasa atas apa ya direncanakan Bu,
BillySembiring9,CC @DPR_RI @mprgoid @officialMKRI @MahkamahAgung @mohmahfudmd @Dr_Moeldoko @corbuzier @bamsoetchannel @PDI_Perjuangan @megainstitute @puanmaharani_ri @erickthohir @ganjarpranowo @basuki_btp @gibran_tweet @bobbynasution_ @kaesangp @jokowi,
Hulk_SlaluHijau,"@abjadbiru @keuangannews_id @puanmaharani_ri Pertanyaan nya bukan itu, apakah ibunya mbk beragama??","JAKARTA SELATAN, DKI Jakarta"
qwrtpsdfgh,"@Hilmi28 Kasih paham bang, semoga @puanmaharani_ri berkenan menyampaikan hal ini kepada beliau agar beliau mau menge......(mic mati)","Lembang, Indonesia"
MarufMDJ,"@Bekan_Kutoanyar Info bagus buat Bu @puanmaharani_ri  nih , biar disampaiin ke Emaknya.
Cc
1. Bp @YaqutCQoumas
2. Bp @cholilnafis",
ElangUtama2,"@jokowi @puanmaharani_ri @officialMKRI Pls do simply voluntarily RESIGN, should your gentlemen decline to receive Public Complaints PLEASE. Pls note your siblings Food &amp; Beverages &amp; Others are PAID by the people [pls stop any imbecility]",South East Asia
MarufMDJ,"@Hilmi28 Info bagus nih , biar Bu @puanmaharani_ri  ngasih tahu Emaknya nih",
abjadbiru,"@keuangannews_id Mbak @puanmaharani_ri apakah ibu Anda tidak pernah ikut pengajian?
Jika tidak, kami memaklumi. Karena tidak pernah ikut pengajian, mungkin jadi tidak tau suasananya.
Jika pernah, saya sarankan Ibu Anda untuk Istiqomah agar tsaqofah Islam-nya semakin dalam.",Jakarta Capital Region
RelawanPuan_ID,"Para warga pun turut senang atas bantuan yang diberikan Relawan Puan. Bantuan tersebut adalah salah satu bentuk kepedulian terhadap masyarakat. Mereka juga turut memberikan dukungan penuh kepada Puan Maharani untuk maju Pilpres 2024.

#relawanpuan #2024bersamapuan https://t.co/hDWIJom8us",
GpmnMedia,"@P3nulis_alam1_ @ChangeOrg_ID @puanmaharani_ri @budimandjatmiko @Masinton @ariabima99 @pramonoanung @LaolyYasonna 
Apa Motif Sumatera Barat Hancurkan Rumah Bung Karno.Padahal Mbak Puan Maharani Masih Trah Minang ?",Indonesia
JatengTV,(04) Pada PT Perorangan seluruh kendala dan resiko kerugian serta keuntungan akan dihadapi dan ditanggung oleh pemilik usaha itu sendiri. #ptperorangan #badanhukum #badanusaha #umkm #ganjarpranowo #prabowo #aniesbaswedan #puanmaharani #pilpres2024 https://t.co/HRqCfZUnue,"Semarang, Jawa Tengah"
Komarud93071791,"@puanmaharani_ri Rosululloh sebagai utusan-Nya selalu menggelorakan kehidupan sederhana sehingga manusia hidup apa adanya sesuai kemampuan dari pada-Nya.

Sehingga hidup tanpa berhutang apa lagi pada rentenir musuh dari semua manusia.

Kurangi hutang agar hidup terbebas dari manusia durhaka !",
tadanamasaya,"@GumamPusat @brin_watch @jokowi @KSPgoid @msaid_didu @fadlizon @gibran_tweet @aniesbaswedan @SartonoHutomo @Suharso_M @mohmahfudmd @pakmul63 @Pak_JK @puanmaharani_ri @MataNajwa @NajwaShihab Spertinya emg perlu di introgasi sama kk @NajwaShihab @MataNajwa, supaya kelihatan jujur  atau tidaknya si lth iniğŸ˜€ğŸ˜€ğŸ˜€ğŸ˜€",
twprabowo,"@keuangannews_id Kalau cara kerja dan cara pikir di @KemenBUMN  spt ini, sebaiknya segera diganti saja pejabat2nya. Ini mah mental tempe ""menjual"" bangsa dan negara. Mohon perhatiannya Pak/Ibu @jokowi @erickthohir @DPR_RI @puanmaharani_ri","Bogor, Jawa Barat"
danu_budiyono,"@bumnbersatu @ch_chotimah2 @prabowo @puanmaharani_ri Cengeng aja sih itu si lucky, krna pasti paham dan tahu betul apa yg akan dilakukan sbgai Wabup, apa yg didapat, haji fasiltas dll. Politisi cengeng nangisan..",
fatcat01012001,@brin_watch @jokowi @KSPgoid @msaid_didu @fadlizon @gibran_tweet @aniesbaswedan @SartonoHutomo @Suharso_M @mohmahfudmd @pakmul63 @Pak_JK @puanmaharani_ri Kemenkeu dan bappenas jg ogah nambah anggaran BRIN di 2023. Tidak ada arah yg jelas kok. Ini yg disebut DPR gagal konsolidasi anggaran. Terendah dlm sejarah. Klarifikasi BRIN seolah melempar masalah ke pihak lain padahal tidak menjawab substansi. Bola panasnya memang di BRIN.,
dhiengbr,Puan maharani mirip aku y,
TheUncleDee,"Inget ya, 
Semua Yang dateng kesini atas dasar Sukarela bukan KARENA ada yg bagi-bagi sembako..

Karena yg suka bagi bagi sembako, Kalau KORUPSI Gila-gilaan..

https://t.co/LugrtPOB6R

@aniesbaswedan 
@ganjarpranowo 
@puanmaharani_ri 
@PDI_Perjuangan 
@NasDem",
bumnbersatu,@AntoeniusH @ch_chotimah2 @prabowo @puanmaharani_ri Waduh.. Larange black label iku.. Ngombe dawet wae mas,KPK
mickolv_idas,@ch_chotimah2 @aniesbaswedan @abu_waras @Yurissa_Samosir @ganjarpranowo @03__nakula @Aryprasetyo85 @FayaAtika @Urrangawak Diobaral kesana kemari PDIP calonkan Puan MaharaniğŸ¤£,
PUANnews,"#Safari Puan Bertujuan Cari Pasangan - RMOL 
#PuanMaharani

https://t.co/rrxa92J5JX","Gatakrejo, Nguter, Sukoharjo"
qwrtpsdfgh,"@DrEvaChaniago Apakah benar bu mega pernah ikut pengajian?
Atau apakah mungkin ibu ini begini karena tidak ada yg ngajak beliau ke pengajian?
Mari tanyakan ke @puanmaharani_ri","Lembang, Indonesia"
Hendrikorachman,"Khusus @Kemhan_RI pk @prabowo dan @DivHumas_Polri pk @ListyoSigitP,sumber tdk bayar pajak krn suka selingkuh.Kita no 2 se asia setelah thailant,SDA kita byk dicuri krn byk selingkuh aparat keamanan
Cc @jokowi @mohmahfudmd @puanmaharani_ri @AryaSinulingga @erickthohir @RamliRizal https://t.co/avFanKZRa3",
wawantotot90,@puanmaharani_ri bukannya teladan ibu puan dan ibu mega itu Ir.Soekarno ya?,pantura Jabar - Jabodebek pp
2ponakan,@DrEvaChaniago Mari saling mengingatkan bu @puanmaharani_ri  takutnya terjadi salah paham,Indonesia - West Java
makhluk_62,"@Uki23 @psi_id Prabowo Subianto - Puan Maharani yyuukkk gassskeunnn..

Hidupkan kembali perjanjian batu tulis.",
SadatMart,"@puanmaharani_ri emak lu puan, pliz dech..... Wakakakaka",
fatcat01012001,"@brin_watch @jokowi @KSPgoid @msaid_didu @fadlizon @gibran_tweet @aniesbaswedan @SartonoHutomo @Suharso_M @mohmahfudmd @pakmul63 @Pak_JK @puanmaharani_ri Per sept 2022, target dan realisasi jomplang. Tdk direvisi jg. Ya tdk salah kalau DPR nagih. Klarifikasi isinya menyalahkan sana sini. Padahal yg salah ya perencanaan yg acak adut. Terjadi di semua aspek. Eksekusi dulu nanti tinggal salahkan pihak lain. https://t.co/O8YznepZMP",
HaikhSmartikh,@puanmaharani_ri https://t.co/Y9uOXKpLxy,DKI Jakarta
cumaJamal,@ronavioleta @puanmaharani_ri sambil ingetin... semoga tetap istikomah ngejalanin oleh2 Isro' Mi'roj.... &amp; tetep ngaji dong... biar ada yg bilang buat apa sih ngaji..ğŸ™,
HaikhSmartikh,"Mbak @puanmaharani_ri , bisa gak dinasihati Ibunya pensiun aja dari dunia politik, atau at least jangan boleh pidato lagi. Beliau memang salah satu wanita berpengaruh di Indonesia, rekam jejak melawan orba keren. Tapi maaf, makin sepuh makin megalomania Mbak.",DKI Jakarta
4rianto87,"@fxnetizen @tvOneNews @jokowi 
@mohmahfudmd 
 Presiden yang dari pdi p kah? Maksudnya.... 
@puanmaharani_ri",
luluksaru251,"@AdnanAgam1 @puanmaharani_ri amiin ya allah,,semoga di tahun ini hidup kita terus bertambah berkah,,",
luluksaru251,"@LuluFebbb @puanmaharani_ri Waktu terus berjalan kk,,jadi enggak kerasa",
luluksaru251,@novylumanauw @puanmaharani_ri Berkah dan sukses selalu mbak puan,
luluksaru251,"@ayukhanny @puanmaharani_ri amiin,,semoga perjalanan ku penuh dng kesabaran dan ketulusan",
luluksaru251,@Safitridede1 @puanmaharani_ri bismilah mbak puan the next presiden di 2024,
tyanmiza,"@STresnowat1 @aniesbaswedan @Dennysiregar7 @ch_chotimah2 Jika Anies Baswedan - Puan Maharani di sandingkan, tidakkah Bau Nasakom akan tercium ?",
NazarRizky17,@Boediantar4 Bgmn @puanmaharani_ri adakah dikau pikirkan ini?ğŸ˜ª,KulonUjung
luluksaru251,"@JohanSulistyo7 @puanmaharani_ri bermunajab sm AllaH,,minta ampun kepada AllaH,,dan insyaallah meningkatkan beribadah",
luluksaru251,@SinegerA @puanmaharani_ri amin allhuma amin ya robb,
luluksaru251,@PertamaPpratama @puanmaharani_ri jangan lupa bersyukur kepada AllaH SWT,
luluksaru251,"@RitasariiSari @puanmaharani_ri Bismilah,,untk belajar terus meneladani akhlak beliau nabi besar Muhamad SAW",
luluksaru251,@muhammadd_deni @puanmaharani_ri menjadikan panutan Sunah Rosulullah SAW,
luluksaru251,@stephaneioi @puanmaharani_ri banyak bershalawat kpd nabi agar hati tenang,
luluksaru251,@yhendarsyah @puanmaharani_ri Kedamaian pada islam dan negriku,
luluksaru251,@rauliamawati @puanmaharani_ri lebih khusuk dalam beribadah kepada AllaH SWT,
ronavioleta,@abi_hasna @puanmaharani_ri Super...,
luluksaru251,@AurelTritania @puanmaharani_ri Penuh hikmah dan Rahmat untuk umat muslimin di dunia,
luluksaru251,@puanmaharani_ri Hidup akan tenang jika ibadah kita kuat,
AfifahKirana2,"@AurelTritania @artisindo8 @puanmaharani_ri Do'a,,iman dan ketaqwaan",
AfifahKirana2,@KynanPutri4 @JohanSulistyo7 @puanmaharani_ri Tenang dalam menjalani kehidupan sehari hari,
AfifahKirana2,@JohanSulistyo7 @puanmaharani_ri semangat untuk terus meningkatkannya,
AfifahKirana2,@artisindo8 @puanmaharani_ri Semua tidak kepedulian orang orang segera di hapuskan,
AfifahKirana2,@stephaneioi @puanmaharani_ri Butiran dosa yg tak terhingga,
AfifahKirana2,@muhammadd_deni @puanmaharani_ri Jadikan shalat 5 waktu pedoman hidup dan tiang agama yg sekuat kuatnya,
AfifahKirana2,@AurelTritania @puanmaharani_ri ada Hikmah dan Rahmat umat muslim,
AfifahKirana2,@rauliamawati @puanmaharani_ri Lebih taat dalam beribadah,
AfifahKirana2,"@yhendarsyah @puanmaharani_ri amiin,,mempersatukan umat islam dunia",
AfifahKirana2,"@puanmaharani_ri Insyaallah setelah Isra Mi'raj ini,,umat muslim makin mempersatukan Ukhuwah islamiyah",
KynanPutri4,@SinegerA @puanmaharani_ri Amiin ya allah,
KynanPutri4,@JohanSulistyo7 @puanmaharani_ri Insyaallah bisa di tingkatkan lagi ibadahnya biar hati bisa tenang,
KynanPutri4,@PertamaPpratama @puanmaharani_ri Bismillah menjalani hidup lebih positif lagi,
KynanPutri4,"@RitasariiSari @puanmaharani_ri Amiin,,Semoga kita bisa meneladani dan mengikuti jejak Rosulullah SAW",
KynanPutri4,@stephaneioi @puanmaharani_ri Banyak2 istighfar kakk,
KynanPutri4,@muhammadd_deni @puanmaharani_ri Kejujuran dan kesabaran kunci dr kehidupan,
KynanPutri4,@AurelTritania @puanmaharani_ri di rahmatin berkah di dunia,
KynanPutri4,@rauliamawati @puanmaharani_ri Lebih giat dalam beribadah,
KynanPutri4,"@yhendarsyah @puanmaharani_ri Semoga kedamaian menyertai negriku dan dunia,,amiin",
KynanPutri4,"@puanmaharani_ri Selamat hari isra Mi'raj,,jadikan moment ini sebagai salah satu di antara pelecut smemangat guna mempersatukan umat Islam di dunia",
Wedhuzjr,@liputan6dotcom Sy mendukung Puan Maharani menjadi pasangan Anies Bawesdan biar jd PUAS.. Membuat PUAS para penonton n buzzer,"East Java, Indonesia"
JatengTV,(12) PT Perorangan memiliki kepastian hukum dan terdaftar resmi di Kemenkumham. Kedudukannya sama seperti PT biasa. #ptperorangan #badanhukum #badanusaha #umkm #ganjarpranowo #prabowo #aniesbaswedan #puanmaharani #pilpres2024 #IndonesiaBangkit #Jokowi https://t.co/HRqCfZUnue,"Semarang, Jawa Tengah"
Funiculifunicu5,@brin_watch @msaid_didu @jokowi @KSPgoid @fadlizon @gibran_tweet @aniesbaswedan @SartonoHutomo @Suharso_M @mohmahfudmd @pakmul63 @Pak_JK @puanmaharani_ri Kok pingin meroket...piye ki?,"Tanjung Priok, Indonesia"
abi_hasna,"@ronavioleta @puanmaharani_ri Seandainya ibu itu ikut pengajian, terus menggerakkan anak buahnya untuk mengikuti pengajian .....

Dahsyat",indonesia
yforyayas,@nmapsran @puanmaharani_ri ğŸ˜«,jkt
AdnanAgam1,@LuluFebbb @puanmaharani_ri Waktu terus berjalan,
AdnanAgam1,"@TiaraResmi00 @puanmaharani_ri Tenang,,lebaran sebentar lagi kok",
AdnanAgam1,@DedigDedigt @puanmaharani_ri Menjalankan sunah Rosulullah dalam kehidupan sehari-hari,
AdnanAgam1,@FreyaFreeea @puanmaharani_ri Allhuma sholli ala sayyidina muhamad,
AdnanAgam1,@RitasariiSari @puanmaharani_ri Meneladani akhlak mulia beliau dan mengikuti jejak kebaikannya,
AdnanAgam1,@artisindo8 @puanmaharani_ri Tak perlu janji kakak yang penting Bukti sekarang ini,
AdnanAgam1,@AurelTritania @puanmaharani_ri semoga kita selalu dalam rahmatan lil alamin dan selalu dlm lindungan AllaH SWT,
mnajmytsss,"Ini nenek nenek satu lagi diazab kayanya, omongan sama gaya ngomongnya kaya orang putus urat saraf. @puanmaharani_ri coba  diurus bu, nanti tetiba struk kan repot apalagi depan kamera gini, dijadiin meme kan lucu banget pasti.",somewhere in paradise
AdnanAgam1,@yhendarsyah @puanmaharani_ri Kedamaian untuk seluruh umat muslim sedunia,
AdnanAgam1,@JohanSulistyo7 @puanmaharani_ri Taubatan Nasuha / taubat yg sungguh-sungguh agar tak menyesal di kemudian hari,
AdnanAgam1,@puanmaharani_ri Selamat memperingati Isra Mi'raj 1444 Hijriah untk umat muslim sedunia,
dea29808,@SinegerA @puanmaharani_ri Amiin ya allah ya robb,
dea29808,"@JohanSulistyo7 @puanmaharani_ri tingkatkan lagi kk ibadahnya,,kk pasti bisa,,yakinilah",
dea29808,@PertamaPpratama @puanmaharani_ri Pemimpin yg menuntun kita dari jalan kegelapan menuju jalan yg cahayanya terang benderang,
dea29808,@RitasariiSari @puanmaharani_ri Nabi Muhammad SAW menjadi suri tauladan kita  dlm keseharian,
dea29808,@stephaneioi @puanmaharani_ri Taubat Nasuha,
ronavioleta,"Bakalan ketagihan yaaa...
Dengan ikut pengajian di selaÂ² nunggu anak sekolah, bisa nge charge iman dan nambah ilmu....jadi ga bete dg urusan rumah dan anak terus. Malah tambah semangat utk memperbaiki diri menjadi ibu dan istri yg baik.
Cc ke mbok ya mb @puanmaharani_ri",
dea29808,@muhammadd_deni @puanmaharani_ri karena Shalat adalah tiang agama yg kokoh,
Orangbiasaajeh,@cholilnafis @puanmaharani_ri sampein neh ke emak lu,
dea29808,@AurelTritania @puanmaharani_ri Rahmatan lil alamin,
dea29808,@rauliamawati @puanmaharani_ri Yok kita tingkatkan ibadah nya,
dea29808,@yhendarsyah @puanmaharani_ri Damai lah terus negriku,
nmapsran,"Matahari pagi ini sangat cantik, seperti senyumanmu kepadaku saat itu 
@puanmaharani_ri https://t.co/BZWMhlBuec","Ohio, USA"
dea29808,@puanmaharani_ri Semoga setiap langkah kita selalu meneladani Rasulullah SAW,
Zia1111,@ayukhanny @puanmaharani_ri Aamiin ya rabbal alamin,
Zia1111,@BellaB6225355 @puanmaharani_ri Semoga berkah untuk umat muslim,
Zia1111,@Safitridede1 @puanmaharani_ri Bismillah presiden kita 2024 Bu Puan Maharani,
Zia1111,@DedigDedigt @puanmaharani_ri Semoga keindahan bulan Rajab tertanam dalam hati dan benak kita,
Zia1111,@RitasariiSari @puanmaharani_ri Semoga momen ini dapat mengingatkan kita untuk meningkatkan habluminanas dan habluminAllah,
titusthok,@yaniarsim Maaf beribu maaf mohon Bu @puanmaharani_ri ibu nya diingatkan jangan suka cari musuh,
Zia1111,@qaidu3 @puanmaharani_ri Allah SWT mahal pemberi pengampun pada hambaNya,
Zia1111,@Anih_idayah @puanmaharani_ri Berkah slalu buat kaum muslim,
Ahmadbsm3,"Ini org yg gk suka pengajian,mangkanya suka buat kerusakan dan smg tdk dibiarkan berlarut2 @puanmaharani_ri @mohmahfudmd @_TNIAL_ @Puspen_TNI @Cakra_Kostrad",
PUANnews,"#Puan Maharani Kembali Dapat Dukungan Maju di Pemilu 2024, Kini Datang dari Bondowoso - https://t.co/TW01HQ3ELV 
#PuanMaharani

https://t.co/bnTMHzLmdc","Gatakrejo, Nguter, Sukoharjo"
liputan6dotcom,"Puan Maharani Kembali Dapat Dukungan Maju di Pemilu 2024, Kini Datang dari Bondowoso https://t.co/qT6fE3yJa4",INDONESIA
sabronaiditnusa,"@puanmaharani_ri puan maharani..jelaskan apa itu isra miraj..
tentu anda pandai' kan ketua dpr wanita pertama indinesia kan,",
sabronaiditnusa,@STresnowat1 @aniesbaswedan @Dennysiregar7 @ch_chotimah2 puan maharani kui sopo,
AntoeniusH,@bumnbersatu @ch_chotimah2 @prabowo @puanmaharani_ri Semua taik om Arief...ayo om...nyalon ta dukung ta support Black LabelğŸ¤£ğŸ¤£ğŸ˜‡.....om arief idolaaah,
r_cendolin,Ketika isi otak dan isi dompet tidak sinkron seperti inilah yg terjadi @gibran_tweet @jokowi @mardigu024 @rockygerung @msaid_didu @puanmaharani_ri @aniesbaswedan @kaesangp @ridwankamil @DokterTifa https://t.co/TD0OU3tJCZ,
wangkyberdikari,"@AurelTritania @puanmaharani_ri Dalam menjalani kehidupan, bersemangatlah lakukan yang terbaik, terus menerus dan teratur seperti halnya shalat 5 waktu",salam satu jiwa
untukmbak_puan,dukung mbak puan menuju RI 1 #tetappuan #puanmaharani #puanmaharaniri @puanmaharaniri @pdiperjuangan https://t.co/XrBsDvheEf,"Kota Bandung, Jawa Barat"
Zia1111,@dita16577 @puanmaharani_ri Selamat memperingati Isra Miraj 1444 H. Marilah kita memohon berkah dan pengampunan dari Allah SWT,
Zia1111,@yhendarsyah @puanmaharani_ri Cinta kedamaian,
Zia1111,@rauliamawati @puanmaharani_ri Semoga kita semua lebih taat lagi dalam melaksanakan shalat,
Zia1111,@AurelTritania @puanmaharani_ri Semoga kita dalam lindungan Nya,
Zia1111,@puanmaharani_ri Isra Miraj adalah perjalanan satu malam Nabi Muhammad SAW,
tri910721,@qaidu3 @AsgarMerah @puanmaharani_ri Keagungan dan kekuasaan Nya,
tri910721,@muhammadd_deni @marufali6797 @puanmaharani_ri Aamiin semoga kita termasuk penghuni surga,
tri910721,@mariookam395 @puanmaharani_ri Selamat hari raya isra mi'raj Bu Puan,
tri910721,@FreyaFreeea @puanmaharani_ri Mari kita memuji perjalanan Nabi Muhammad dan mengambil inspirasi dariNya,
masmasaj,@cubblez @puanmaharani_ri Idola ak itu,
tri910721,@dita16577 @puanmaharani_ri Selamat hari isra mi'raj juga,
tri910721,@acikcika6 @puanmaharani_ri Semoga kita semua menjadi hambaNya yang selalu bersyukur,
tri910721,@Anih_idayah @puanmaharani_ri Selamat hari libur bersama keluarga,
tri910721,@PertamaPpratama @puanmaharani_ri Bersyukur cara kita berterima kasih kepada sang Pencipta,
tri910721,@DedekIak @RitasariiSari @puanmaharani_ri untuk kita memperbaiki ibadah kepada Allah SWT,
tri910721,@RitasariiSari @puanmaharani_ri Aamiin semoga saja kita bisa meneladani akhlak Nabi Muhammad SAW,
tri910721,@puanmaharani_ri Sebagai hari istimewa untuk mengenang perjalanan agung Nabi Muhammad saw. Mari kita semua senantiasa berbuat kebaikan,
BellaB6225355,"@AyahKami3 @puanmaharani_ri semoga semakin bertambah syukur kita, dan semakin bermanfaat hidup kita untuk orang lain",
BellaB6225355,@MitaSitiii @puanmaharani_ri Tetap istiqomah dijalan Allah,
BellaB6225355,@KomalaVivie @puanmaharani_ri Perlahan lahan insyaallah kita bisa dan kita mampu,
BellaB6225355,@acikcika6 @puanmaharani_ri Isra Miraj mengingatkan betapa Rasulullah sangat menyayangi umatnya hingga saat ini,
unbrokeablee,@dyahayupuan @convomfs puan maharani,
BellaB6225355,@marufali6797 @puanmaharani_ri menjalani hidup dengan penuh rasa syukur dan keimanan,
BellaB6225355,@PdipSolid @puanmaharani_ri Dengan mengucapkan bismillah semoga kita bisa meneladani Nabi Muhammad SAW,
BellaB6225355,@dita16577 @puanmaharani_ri Semoga kita semua hidup dalam bersyukur,
BellaB6225355,@yhendarsyah @puanmaharani_ri Hidup menjadi trentam bila adanya kedamaian,
BellaB6225355,@AurelTritania @puanmaharani_ri tiada kata seindah doa hanya Allah SWT sebaik-baiknya tempat meminta,
BellaB6225355,@artisindo8 @puanmaharani_ri Selamat datang bulan mulia,
BellaB6225355,@puanmaharani_ri Bulan Rajab bulan Isra Miraj,
kabar_dpr,"Puan Maharani Tegaskan Komitmen RI Atasi Perubahan Iklim di Depan Presiden PBB

#KabarDPR #NewsUpdate #news #nasional #PuanMaharani #PBB
https://t.co/Fh4hTfhaGv","DKI Jakarta, Indonesia"
BDawenk,"@GheaJhanaLie7 @MustamingNanda @PdiperjuanganP @puanmaharani_ri Sipoltak ini Jenis peliharaan yang dilindungi penguasa, jadi agak sulit buat disentuh... 
Tapi bukan gak mungkin",
DeniAryo121,@puanmaharani_ri omongan ibu mu lucu.. ga malu apa sm gelar giveaway yg berderet deret spt gerbong kereta..ğŸ˜‚ğŸ˜‚ğŸ¤£ğŸ¤£,
dita16577,@artisindo8 @puanmaharani_ri Tanamkan pada diri sendiri untuk saling menyayangi,
kalemdudeee,@sosmedkeras Harus banget gitu Jokowi Ama Puan Maharani di paling Kepakkan Sayap,"Makassar, Indonesia"
dita16577,@muhammadd_deni @puanmaharani_ri Dalam hal apa pun kejujuran itu memang penting,
dita16577,"@yhendarsyah @puanmaharani_ri Damai di bumi, damai beragama meski berbeda akidah",
dita16577,@acikcika6 @AyahKami3 @puanmaharani_ri Semoga berkah selalu melimpahi kita semua,
dita16577,@firmaansyah_ari @puanmaharani_ri Mari kita memuji apa yang dilihat Muhammad dan juga tidak lupa memuji makna perjalanannya,
Dylan80an,"@puanmaharani_ri 
@PdiperjuanganP
@DPP_PKB
@KetumDPPPAN 
@golkar_id 
@Fraksi_Gerindra 
@NasDem 
@PDemokrat 
@PKSejahtera https://t.co/FpBSBAsbSg",
puanpresiden24_,Puan Maharani #tetappuan #puanmaharani https://t.co/RyDdN201fK,
puanpresiden24_,Puan Maharani #tetappuan #puanmaharani https://t.co/XnRB7KTDYY,
puanpresiden24_,Puan Maharani #tetappuan #puanmaharani https://t.co/058cMGAy7a,
puanpresiden24_,Puan maharani #tetappuan #puanmaharani https://t.co/D5z5oKbWJI,
ElangUtama2,@jokowi @puanmaharani_ri @bamsoet10 @Puspen_TNI Any creative excuses as usually be accomplished by those who are directly ACCOUNTABLE FOR?,South East Asia
puanpresiden24_,Puan Maharani #tetappuan #puanmaharani https://t.co/mkLe4qx6t4,
puanpresiden24_,Puan Maharani #tetappuan #puanmaharani https://t.co/Ne3cMcGWOX,
puanpresiden24_,Puan Maharani #tetappuan #puanmaharani https://t.co/224PyKC1Kh,
dita16577,@muhammadd_deni @puanmaharani_ri Makna dari Isra mi'raj tentang kesabaran yang luar biasa yang dimiliki Nabi Muhammad SAW,
nikki59244613,@bumnbersatu @ch_chotimah2 @prabowo @puanmaharani_ri PÃ tut diacungi jempol sangat langka org indo esia mau ngundurkan diri....ini adalah yg ditunggu pejabat publik berani mengundurkan diri jika merasa tdk bisa memenuhi janji2 kampanye nya..,
myputun,"Muncul Wacana Duet Puan Maharani dengan Yusril Ihza, Netizen Sebut Lebih Adem dari Geng Sebelah, Nyindir Anies? https://t.co/wwbkvC3vSm",
dita16577,@qaidu3 @AsgarMerah @puanmaharani_ri Isra Miraj adalah salah satu peristiwa penting dalam sejarah Islam,
FranTonga,@bumnbersatu @ch_chotimah2 @prabowo @puanmaharani_ri Cengeng,
Itsmekinannn,@tanyakanrl W sama kaya bu @puanmaharani_ri sama @DPRIAN_ ğŸ˜­ğŸ™,
dita16577,@DedigDedigt @muhammadd_deni @puanmaharani_ri Isra Miraj adalah salah satu peristiwa penting dalam sejarah Islam,
dita16577,@RitasariiSari @muhammadd_deni @puanmaharani_ri tetap dan berpendirian kuat walaupun menghadapi berbagai cobaan,
PUANnews,"#?Petani di Bondowoso Mendukung Puan Maharani Maju di Pilpres 2024 - https://t.co/6RB1tx87am 
#PuanMaharani

https://t.co/fWuYdzV3lR","Gatakrejo, Nguter, Sukoharjo"
PUANnews,"#Petani Bondowoso Dukung Puan Maharani Maju Pilpres 2024 - Okezone Foto 
#PuanMaharani

https://t.co/udJz4gvyBK","Gatakrejo, Nguter, Sukoharjo"
risecooks,now i understand why puan maharani is like that,å¤šæ‘©å·ã®å‘ã“ã†
MasBroJowoNKRI,@bumnbersatu @ch_chotimah2 @prabowo @puanmaharani_ri Gak jauh2 dari fulus lah..,
sahalmunir47,@aniesbaswedan sudah memulai. @ganjarpranowo @cakimiNOW @prabowo @puanmaharani_ri @Fahrihamzah silakan ditanggapi,"Salatiga, Jawa Tengah"
dita16577,@AyahKami3 @rauliamawati @puanmaharani_ri Semoga di bulan penuh makna ini dan seterusnya kita dapat menjaga keimanan Islam dan selalu berada dalam lindungan-Nya,
dita16577,@AurelTritania @puanmaharani_ri Semoga di bulan penuh makna ini dan seterusnya kita dapat menjaga keimanan Islam dan selalu berada dalam lindungan-Nya,
dita16577,@puanmaharani_ri Selamat Isra Miraj saudaraku,
ely163535,@ArahanRudi @puanmaharani_ri Isra Miraj menyadarkan kita akan mukjizat yang Allah berikan pada Nabi Muhammad SAW,
ely163535,"@KomalaVivie @puanmaharani_ri Selalu jaga shalatmu, Rasulullah telah memperjuangkan ibadah ini untuk seluruh umat muslim yang ada di dunia",
ely163535,@qaidu3 @puanmaharani_ri Saling memaafkan salah satu ajaran Nabi Muhammad SAW,
ely163535,@ayukhanny @puanmaharani_ri Semoga sikap saling tolong menolong tetap kita jaga,
JatengTV,"(03) Pemilik PT Perorangan menjadi pemeran utama dalam mengatur kebijakan perusahaannya, termasuk dalam hal pengolahan data dan keuangan. #ptperorangan #sange #ciptakerja #indonesia #umkm #ganjarpranowo #prabowo #aniesbaswedan #puanmaharani #pilpres2024 https://t.co/HRqCfZUnue","Semarang, Jawa Tengah"
ely163535,@artisindo8 @puanmaharani_ri Islam adalah agama yang penyayang,
jpnncom,?Petani di Bondowoso Mendukung Puan Maharani Maju di Pilpres 2024 #Puan https://t.co/LM2aWCytFv,Indonesia
Veronikaaja01,@acikcika6 @puanmaharani_ri Amin mbak mudah2han ya mbak,
ely163535,"@DedigDedigt @puanmaharani_ri Semoga kita selalu mampu menjaga shalat setiap saat, hingga ajal menjemput",
Veronikaaja01,@ayukhanny @puanmaharani_ri Semoga kita bisa konsisten bertakwa kepadaNya Amin,
Veronikaaja01,@PertamaPpratama @puanmaharani_ri Sma sama bang,
ely163535,@DedigDedigt @puanmaharani_ri Mari jadikan hariÂ Isra MirajÂ ini sebagai dorongan bagi kita untuk memperbanyak melakukan amal kebaikan dan beribadah kepada Allah SWT,
Veronikaaja01,@Anih_idayah @AndiniRifkia @puanmaharani_ri Apalagi kalo gak pernah solat banyak melakukan dosa merasa bersalah,
Veronikaaja01,@stephaneioi @AndiniRifkia @puanmaharani_ri Semua rindu beliau,
Veronikaaja01,@AndiniRifkia @puanmaharani_ri Sudah isra miraj semoga bisa lebih baik lagi,
Veronikaaja01,@rauliamawati @puanmaharani_ri jaga selalu keimanan kita,
ely163535,"@AurelTritania @puanmaharani_ri marilah kita berdoa kepada Yang Maha Kuasa dengan menundukkan kepala dan mengangkat tangan, berdoalah agar selalu diberikan kesehatan dan terlindung dari segala bahaya",
Veronikaaja01,@rauliamawati @puanmaharani_ri Momen tepat membmperbaiki diri,
devaannaa,@AaHendrik8 @PDI_Perjuangan @puanmaharani_ri rezim koplak.. gagal framing radikul.khilafah akhirnya orang mengaji pu jadi BACOT bego'ğŸ˜‚,"Wakatobi, Sulawesi Tenggara"
Veronikaaja01,@puanmaharani_ri Smwoga saja ibu bisa konsisten,
anjishope,@yhendarsyah @FreyaFreeea @puanmaharani_ri Amin semoga saja,
anjishope,@stephaneioi @FreyaFreeea @puanmaharani_ri Sedih aja lu tetap semangat,
ely163535,@AyahKami3 @rauliamawati @puanmaharani_ri Shalat lima waktu fondasi dari takwa kita kepada Allah,
anjishope,@KomalaVivie @FreyaFreeea @puanmaharani_ri Iya sudah jelas,
anjishope,@FreyaFreeea @puanmaharani_ri Amin semoga kita selalu dilimpahkan berkah dengan bersalawat,
anjishope,@TiaraResmi00 @yhendarsyah @puanmaharani_ri Ide apa yg jelas dong,
anjishope,@qaidu3 @yhendarsyah @puanmaharani_ri Iy bener banget harus menjaga kedamaian sesama umat antar beragama,
ely163535,@AurelTritania @puanmaharani_ri Semoga semua orang mendapatkan kebahagiaan dan kesejahteraan pada peringatan Isra Miraj 2023,
anjishope,@acikcika6 @yhendarsyah @puanmaharani_ri Mudah2han ya mbak,
zubair_andika,Berjuta juta maaf Mbak @puanmaharani_ri tolong ibu tercinta kita di suruh di rumah saja. Ksian kayaknya terlalu banyak beban di kepala anak Soekarno ini.,
anjishope,@qaidu3 @yhendarsyah @puanmaharani_ri Sepakt,
ely163535,@puanmaharani_ri Mari perbanyak amalan dan kebaikan sebagaimana yang dicontohkan Nabi Muhammad SAW agar kita menjadi umatnya yang beruntung,
anjishope,@rauliamawati @yhendarsyah @puanmaharani_ri Iya bEtul banget,
anjishope,@yhendarsyah @puanmaharani_ri Smoga memberikan kedamaian bagi kita semua,
anjishope,@puanmaharani_ri Amin bu kita sm2 berdoa ya bu,
Alfians090,@muhammadd_deni @artisindo8 @puanmaharani_ri Sngat besar pengrorbanan beliau kepada umatnya kita sngat bersukut kepada Allah,
qaidu3,@novylumanauw @puanmaharani_ri Semoga kesuksesan berpihak pada Ibu Puan,
Alfians090,@PertamaPpratama @artisindo8 @puanmaharani_ri Semua makluk memuji kebesaran Allah,
Alfians090,@AurelTritania @artisindo8 @puanmaharani_ri Amin ya Allah kami memohon kepadamu,
qaidu3,@PertamaPpratama @puanmaharani_ri Hidup didunia ini memang harus banyak-banyak bersyukur,
Alfians090,@AyahKami3 @artisindo8 @puanmaharani_ri Mashaallah betul banget,
Alfians090,@DedigDedigt @artisindo8 @puanmaharani_ri Setuju sekali harus kita sambut dengan bahagia,
qaidu3,@Safitridede1 @puanmaharani_ri InsyaAllah presiden RI 2024 Bu Puan Maharani,
Alfians090,@yhendarsyah @artisindo8 @puanmaharani_ri Amin ya Allah semoga negeri ini selalu diberikan kedamaian daan kesejateraan,
Alfians090,@artisindo8 @puanmaharani_ri Inshaalah,
qaidu3,@marufali6797 @puanmaharani_ri mari kita berikan bantuan kepada yang membutuhkan di masyarakat seperti yang dilakukan Rasulullah untuk seluruh umat manusia,
Alfians090,@AyahKami3 @AurelTritania @puanmaharani_ri Amin smoga ya dek,
qaidu3,@AsgarMerah @puanmaharani_ri Semoga kisah perjalanan Isra Miraj Nabi Muhammad SAW menjadi pengingat kita mengenai kebesaran Allah SWT,
Alfians090,@DedigDedigt @AurelTritania @puanmaharani_ri Besar banget bang memang jasa beliau kepada umat nya,
Alfians090,@AurelTritania @puanmaharani_ri Ami nsemiga selalu diberikan rahmat,
Alfians090,@puanmaharani_ri Selamat hari isra miraj ya bu amin semoga sj bu,
Dinaaja124,@qaidu3 @yhendarsyah @puanmaharani_ri Islam cinta damai,
Dinaaja124,@qaidu3 @yhendarsyah @puanmaharani_ri Betul se,
IhsanDaemon1,@puanmaharani_ri Amin.,"Bogor & Pontianak, Indonesia "
Dinaaja124,@KomalaVivie @yhendarsyah @puanmaharani_ri Perdamaian untuk seluruh umat manusia,
Dinaaja124,@yhendarsyah @puanmaharani_ri Islam agama pelopor perdamaian dunia,
Dinaaja124,@puanmaharani_ri Semoga bisa selalu konsisten ya mbak,
qaidu3,@ayukhanny @puanmaharani_ri Selalu berusaha untuk hidup lebih baik lagi,
qaidu3,@yhendarsyah @puanmaharani_ri Cinta damai akan membuat hidup jadi tentram,
mariookam395,@AyahKami3 @stephaneioi @puanmaharani_ri sangat sulit perjuangan beliau wajib kita sukuri,Palembang
qaidu3,@DedigDedigt @puanmaharani_ri Itu yang pasti kita harapkan,
qaidu3,@LuluFebbb @puanmaharani_ri Waktu semakin cepat berlalu begitu juga dosa dalam diri ini semakin hari semakin banyak,
mariookam395,@Anih_idayah @stephaneioi @puanmaharani_ri Sangat setuju mbak,Palembang
mariookam395,@stephaneioi @puanmaharani_ri Iya harus bbanyak bertobat kalo begitu,Palembang
qaidu3,@acikcika6 @puanmaharani_ri Diampuni segala dosaÂ² kita,
mariookam395,@RitasariiSari @puanmaharani_ri Betul setuju sekali,Palembang
mariookam395,@puanmaharani_ri selamat hari isra miraj jg mbak,Palembang
mariookam395,@ayukhanny @DedigDedigt @puanmaharani_ri amin semoga saja mbak,Palembang
qaidu3,@puanmaharani_ri Pengampunan memberi kita perasaan yang lebih baik,
mariookam395,@artisindo8 @DedigDedigt @puanmaharani_ri Penting banget setuju,Palembang
mariookam395,@DedigDedigt @puanmaharani_ri semga selalu bisa konsisten amin,Palembang
mariookam395,@SinegerA @puanmaharani_ri Amin Allahuma Amin semoga saja,Palembang
mariookam395,@rauliamawati @FreyaFreeea @puanmaharani_ri Harus perbanyak tobat,Palembang
mariookam395,@FreyaFreeea @puanmaharani_ri Betul semoga Rahmat dan salam selalu tercurahkan kepada Nabi besar kita beserta keluarga dan para sahabat,Palembang
mariookam395,@PertamaPpratama @artisindo8 @puanmaharani_ri amin semiga selalu diingatkan Allah agar gak salah melangkah,Palembang
mariookam395,@TiaraResmi00 @puanmaharani_ri Pulkam terus,Palembang
mariookam395,@AnisaTrianaDew @puanmaharani_ri Sm pengen tobat sudah terlalu bnyak dosa ku,Palembang
mariookam395,@puanmaharani_ri Selamat hari isra miraj jg bu semoga bisa selalu konsisten mengikuti Akhlak Rasulullah Amin,Palembang
KawananOligarki,"Lha @puanmaharani_ri mendadak 
#Kadrun..#SOP pencitraan musim
Pemilu @kompascom @korantempo 
@pikiran_rakyat @jawapos 
@NikkeiAsia @AJEnglish",
acikcika6,@marufali6797 @puanmaharani_ri Mari rayakan hari ini dengan saling memaafkan kesalahan,Indonesia
KawananOligarki,"Publik sama heran nya
#Kenapa_HarunMasiku di sembunyi kan #PDIP ya ? @jokowi @KPK_RI 
Gak berani dgn status sbg
#Pekerja_PDIP 
Krn akan menyangkut ke Menantu
Mega ? Suami @puanmaharani_ri 
Yg ketua @DPR_RI yg Memberi
#HarunMasiku_UangSuap @KPU_ID 
@KPK_RI atau @Kepolisian_RI https://t.co/kj7QLQSAjm",
acikcika6,@yhendarsyah @puanmaharani_ri Aamiin kita doakan saja yang terbaik,Indonesia
andyang123456,"@puanmaharani_ri mbak puan yg saya hormati, saya pendukung PDIP, mohon ingatkan ke mbak Mega, kurangi berbicara atau menyampaikan narasi yg bisa disalahartikan hingga nama besar PDIP menjadi kurang baik. Contoh ttg ibu2 di pengajian. Ini kan bisa dicounter pihak lain.pliz.",
acikcika6,@AyahKami3 @puanmaharani_ri Mempertebal keimanan kita,Indonesia
acikcika6,@ArahanRudi @puanmaharani_ri memohon ampun kepada Allah SWT,Indonesia
acikcika6,@RitasariiSari @puanmaharani_ri Semoga bisa terus mempertebal keimanan,Indonesia
acikcika6,@yhendarsyah @rauliamawati @puanmaharani_ri fondasi dari takwa kita kepada Allah,Indonesia
acikcika6,@PdipSolid @rauliamawati @puanmaharani_ri Introspeksi diri begitu banyak dosa yang sudah dilakukan,Indonesia
acikcika6,@AyahKami3 @rauliamawati @puanmaharani_ri karena sejatinya salat merupakan fondasi dari takwa kita kepada Allah,Indonesia
acikcika6,@Anih_idayah @rauliamawati @puanmaharani_ri Selalu istiqomah dalam menjalankan shalat lima waktu,Indonesia
acikcika6,@rauliamawati @puanmaharani_ri semoga bisa selalu istiqomah dalam menjalan salat lima waktu,Indonesia
Anih_idayah,@Safitridede1 @puanmaharani_ri Setuju,
jamalnst00,@puanmaharani_ri PUAN RK,
Anih_idayah,@TiaraResmi00 @puanmaharani_ri Nanti aja ka pulkam ny nunggu lebaran,
Anih_idayah,@AndiniRifkia @puanmaharani_ri Pasti kita merindukan beliau.. Dan prsaan sedih muncul,
acikcika6,"@puanmaharani_ri Semoga Allah memberkati kita semua di malam Isra Mi'raj ini, aamiin",Indonesia
Anih_idayah,@stephaneioi @puanmaharani_ri Mengingt kita untuk mningktkn ibdah ya,
Anih_idayah,@LuluFebbb @puanmaharani_ri Dan bulan puasa akan sgrah tiba,
Anih_idayah,@ayukhanny @puanmaharani_ri Amin..,
Anih_idayah,@rauliamawati @puanmaharani_ri Bnr bnget mbak smg ibdah smkin lbh baik lgi..,
Anih_idayah,@PdipSolid @puanmaharani_ri Amin mngingat perjuangn beliau untuk kita umatnya,
Anih_idayah,@muhammadd_deni @puanmaharani_ri Smga mnjdikn ibadah yg lbih baik lg,
AyahKami3,@RitasariiSari @AurelTritania @puanmaharani_ri Aamiin,
AyahKami3,@ayukhanny @AurelTritania @puanmaharani_ri Semoga Allah memberkati kita semua di malam Isra Miraj ini,
Anih_idayah,@yhendarsyah @puanmaharani_ri Amin,
Anih_idayah,@JohanSulistyo7 @puanmaharani_ri Iya bnr bnr sedih mengingat diri ya,
Anih_idayah,@puanmaharani_ri Amin ya rabbal alamin. Slmt memperingati isra miraj 1444 H,
AyahKami3,@muhammadd_deni @AurelTritania @puanmaharani_ri Mari kita mengambil kesempatan pada hari yang mulia ini dan membuat harapan untuk masa depan kita yang sejahtera dari Allah SWT,
AyahKami3,@PertamaPpratama @AurelTritania @puanmaharani_ri Hari ini adalah tentang perasaan bangga menjadi seorang Islam,
primaak_,"Me and the boys with Waza Puan Maharani
Flashback dulu karena CF tahun ini kek kontol di undur :D 

I'm at the back and don't get into the frame
video by joyce https://t.co/Bj2wx6aIfe",Indonesia
ricko_liquid,"Ratusan Petani hingga Masyarakat di Bondowoso Serukan Dukungan untuk Puan Maharani

 #Sindonews #BukanBeritaBiasa .https://t.co/OzrwqxDqNA","Purworejo, Indonesia"
PdipSolid,@PertamaPpratama @RitasariiSari @puanmaharani_ri MashaAllah,
PdipSolid,@DedigDedigt @muhammadd_deni @puanmaharani_ri Banyak kisah para sahabat yg bisa kita tiru,
PdipSolid,@muhammadd_deni @puanmaharani_ri Semoga Indonesia makin jaya dan erat bersaudara,
PdipSolid,@ayukhanny @puanmaharani_ri Aamiin ya mujib,
PdipSolid,@ayukhanny @puanmaharani_ri Selamat isra' mi'raj semua,
PdipSolid,@muhammadd_deni @AurelTritania @puanmaharani_ri Pertanda udah mau ramadhan ya,
PdipSolid,@AurelTritania @puanmaharani_ri Semoga kita bisa mengimani Rasulullah dan menjalankan ajarannya,
PdipSolid,@JohanSulistyo7 @puanmaharani_ri Langsyperbaiki yuk,
PdipSolid,@yhendarsyah @puanmaharani_ri Aamiin ya rab,
PdipSolid,@rauliamawati @puanmaharani_ri Merenung dan memperbaiki diri,
AyahKami3,@artisindo8 @AurelTritania @puanmaharani_ri Jadikan shalat sebagai kebutuhan sehari-hari,
PdipSolid,"@puanmaharani_ri Selamat merayakan perjalanan Nabi Muhammad Saw, semoga kita mampu meneladani",
AyahKami3,@MitaSitiii @puanmaharani_ri Peristiwa Isra Miraj akan membuat kita sadar terhadap mukjizat yang Allah berikan kepada Nabi Muhammad SAW,
AyahKami3,@stephaneioi @puanmaharani_ri malam Isra Wal Mi'raj sebagai malam pengampunan,
AsgarMerah,@puanmaharani_ri Selamat memperingati Isra Miraj Nabi Muhammad SAW 1444 H ğŸ™,Garut
SINDOnews,"Ratusan Petani hingga Masyarakat di Bondowoso Serukan Dukungan untuk Puan Maharani

 #Sindonews #BukanBeritaBiasa .https://t.co/g9uJYX7R0C","Jakarta Pusat, DKI Jakarta"
AyahKami3,@rauliamawati @puanmaharani_ri Semoga kita memperkuat amalan kita akan kewajiban salat lima waktu,
AyahKami3,@artisindo8 @puanmaharani_ri kita jadikan salat sebagai kebutuhan dan sebagai cahaya untuk kehidupan dunia dan akhirat,
AyahKami3,@AurelTritania @puanmaharani_ri semoga hikmah dan kebahagiaannya menyertai kita,
AaHendrik8,Cc @PDI_Perjuangan  @puanmaharani_ri Pa Ustadz nyindir ibu mega nih ğŸ‘‡ğŸ¿silahkan kondisikan,"Kota Bandung, Jawa Barat"
yhendarsyah,@MitaSitiii @puanmaharani_ri Diaamiinkan,jakarta
yhendarsyah,@AnisaTrianaDew @puanmaharani_ri Semoga diberikan kemudahan,jakarta
yhendarsyah,@JohanSulistyo7 @puanmaharani_ri Semoga menjadi inspirasi dalam peningkatan ibadah,jakarta
yhendarsyah,@AndiniRifkia @puanmaharani_ri Semoga mendapatkan Syafaatnya. Aamiin,jakarta
yhendarsyah,"@LuluFebbb @puanmaharani_ri Menjelang awal Ramadhan , Bukan Rajab akan segera berakhir",jakarta
yhendarsyah,@LopinaRKLME @puanmaharani_ri Semoga diberikan keikhlasan,jakarta
yhendarsyah,@FreyaFreeea @puanmaharani_ri Semoga menjadi inspirasi umat muslim seluruh dunia .,jakarta
yhendarsyah,@RitasariiSari @puanmaharani_ri Ahlak terbaik adalah Baginda Nabi Muhammad untuk diteladani dan diikuti,jakarta
yhendarsyah,@artisindo8 @puanmaharani_ri Damai dan damaikan Indonesiaku,jakarta
AyahKami3,@puanmaharani_ri Selamat memperingati Hari Isra Miraj bagi umat Muslim yang merayakan. Semoga bisa mendapatkan kesempurnaan iman dan Islam,
yhendarsyah,@PertamaPpratama @puanmaharani_ri Jadikan sholat sebagai gaya hidup,jakarta
yhendarsyah,@AurelTritania @puanmaharani_ri Aamiin. Semoga selalu diberikan kemudahan dalam menjalankan hidup dan penghidupan,jakarta
yhendarsyah,@ayukhanny @puanmaharani_ri Aamiin. Isra mi'raj penuh makna. Berbahagialah hidup kita,jakarta
yhendarsyah,@novylumanauw @puanmaharani_ri Sukses dunia akhirat,jakarta
yhendarsyah,@muhammadd_deni @puanmaharani_ri Aamiin semoga konsesten dalam menjalankannya,jakarta
yhendarsyah,@rauliamawati @puanmaharani_ri Sholat tiang agama dan prtama kali dihisab di akhirat nanti,jakarta
yhendarsyah,@DedigDedigt @puanmaharani_ri Aamiin. Sholat membawa keberkahan hidup,jakarta
Aniespedia,"Wacanakan terus-menerus agar PDIP akhirnya mengajukan calon yang paling lemah secara politik. Hal ini sudah dimulai oleh Refly, Rocky, Musni dan Ubedillah yang selalu mewacanakan agar PDIP mengusung Puan Maharani. #Pilpres2024 Jarnas Anies Baswedan Kadrun Khilafah PKS AHY Jokowi",Indonesia
yhendarsyah,@marufali6797 @puanmaharani_ri Jadikan sholat sebagai penolong,jakarta
yhendarsyah,@TiaraResmi00 @puanmaharani_ri Semoga selalu diberikan kegembiraan,jakarta
DedekIak,@marufali6797 @puanmaharani_ri Pada malam Isra Wal Mi'raj ini marilah kita panjatkan shalawat atas Nabi kita,
yhendarsyah,@SinegerA @puanmaharani_ri Semoga mendapatkan syafaat dari Baginda Nabi Muhammad SAW. Aamiin,jakarta
yhendarsyah,@puanmaharani_ri Semoga peringatan Isra Mi'raj tahun ini membawa kedamaian bagi negeri dan dunia,jakarta
4HurufNamaKu,@bumnbersatu @ch_chotimah2 @prabowo @puanmaharani_ri Pak lucky hakim kenapa bapak tega meninggalkan warga bapak...kami kehilangan sosok bapak... https://t.co/zcEt4CCJLK,
ZainalA23297281,"@hahaha180699 @maman1965 @hariankompas @aniesbaswedan @prabowo @ganjarpranowo @airlangga_hrt @puanmaharani_ri Jaman ini semua di ukur dgn duit, yg banyak duit mengendalikan. Demokrasi cerita fiksi",
DedekIak,@ayukhanny @puanmaharani_ri Aamiin ya rabbal alamiin,
DedekIak,@PertamaPpratama @puanmaharani_ri Iya benar kita patut bersyukur,
DedekIak,@ayukhanny @puanmaharani_ri Selalu tebarkan kebaikan,
DedekIak,@DedigDedigt @puanmaharani_ri Semoga kita dapat senantiasa meneladani Nabi Muhammad SAW,
DedekIak,@muhammadd_deni @puanmaharani_ri tebarkan selalu kebaikan  sesama umat,
DedekIak,@RitasariiSari @puanmaharani_ri Semoga kita bertambah cinta kepada Allah SWT,
BarwiasariReza,"@brin_watch @jokowi @KSPgoid @msaid_didu @fadlizon @gibran_tweet @aniesbaswedan @SartonoHutomo @Suharso_M @mohmahfudmd @pakmul63 @Pak_JK @puanmaharani_ri Ada teman peneliti BRIN, dpt dana penelitian dr swasta. Sama pihak swastanya diblhkan peneliti ambil honor dr penelitian itu sbg reward. Tp aturan BRIN tdk bolehğŸ˜‚.  Aneh tp nyata, mau ketawa tp ini LTH.. ğŸ˜­",
brin_watch,"biasa...biasa dimarahin, dimarahi ketua dewan pengarah dan dpr...dicela jg oleh publik, namun masih tetap bertahan...nasib anda memang luar biasa....ğŸ¤ğŸ‘ 
@jokowi @msaid_didu @fadlizon @pakmul63 @SartonoHutomo @puanmaharani_ri @PartaiSocmed @mazzini_gsp https://t.co/EUSbI12rgp",
azharbtm,@puanmaharani_ri th@nks ğŸ™ğŸ™,
ocehansaid,"Yang tidak suka puan Maharani jadi Presiden Indonesia bukan dari musuhnya PDIP atau Megawati,
Tapi justru dari orang-orang dalam mereka sendiri yang sedang menjagokan genjer #katasaid #ocehansaid","Kalimantan Selatan, Indonesia"
joko_gusman11,"@danto118 @ChoiMasMh @ekokuntadhi1 @puanmaharani_ri @jokowi TOLOL
Tingkat
KADAL https://t.co/lln2Mcnkqz",
RidwanHp4,@puanmaharani_ri Ngibul sukaÂ² dinegara yg dikuasai PKI plus alias pengkhianat https://t.co/9Dao97nZ7V,
azharbtm,@puanmaharani_ri https://t.co/cvLi5HCgW4,
HermawanTsa,@syabillalnovian @puanmaharani_ri Beda pergaulan ğŸ˜,"Bogor Timur, Indonesia"
DedigDedigt,@SinegerA @puanmaharani_ri Aminnn,bandung
DedigDedigt,"@novylumanauw @puanmaharani_ri Semoga Mba Puan sukses jadi presiden saya do,a kan selalu aminn",bandung
DedigDedigt,@marufali6797 @puanmaharani_ri belajar dari keteladanan Nabi Muhammad SAW dan memperkuat hubungan kita dengan Allah SWT,bandung
DedigDedigt,"@azkaayulutfiah @puanmaharani_ri Semoga di moment Peringatan Hari Isra Miraj kali ini, kita semua mendapatkan rahmat dan ridho Allah SWT",bandung
danto118,@ChoiMasMh @ekokuntadhi1 @puanmaharani_ri @jokowi Mimpi... wan aibon takut kalah sama ganjar ya?,
DedigDedigt,@ayukhanny @puanmaharani_ri Semoga kita semua selalu dalam lindungan dan rahmat Allah SWT,bandung
DedigDedigt,"@PertamaPpratama @puanmaharani_ri Semoga kita, keluarga, dan keturunan kita selalu mendirikan dan menjaga shalat",bandung
DedigDedigt,@AurelTritania @puanmaharani_ri mengingat betapa besar dan mulianya perjalanan Nabi Muhammad SAW ke langit. Selamat Isra Miraj,bandung
DedigDedigt,@artisindo8 @puanmaharani_ri Mari kita rayakan hari ini dengan semangat dan sukacita dalam memperbaiki diri,bandung
DedigDedigt,@RitasariiSari @puanmaharani_ri Selamat Isra Miraj 2023,bandung
DedigDedigt,@muhammadd_deni @puanmaharani_ri Mari kita belajar dari pelajaran-pelajaran tersebut dan memperkuat hubungan kita dengan Allah SWT. Selamat memperingati Isra Miraj,bandung
AdeSaung,"@puanmaharani_ri Apa yang pernah ibu teladani dari Rasulullah sepanjang hidup ibu,saya mau satuuuuu saja contohnya ğŸ¤£",
RitasariiSari,@marufali6797 @puanmaharani_ri hari yang sangat penting bagi umat islam,
RitasariiSari,@AurelTritania @puanmaharani_ri semoga kita lebih dekat lagi dengan allah SWT,
RitasariiSari,@novylumanauw @puanmaharani_ri TOP Mba Puan Mantap,
RitasariiSari,@firmaansyah_ari @puanmaharani_ri Kita perlu bersyukur kepada Allah SWT yang telah mengirimkan kita seorang pemimpin yang telah menuntun kita dari kegelapan menuju cahaya kehidupan yang terang benderang.,
RitasariiSari,"@DedigDedigt @puanmaharani_ri Semoga di bulan penuh makna ini dan seterusnya kita tetap menjaga Ukhuwah Islamiah, dan selalu berada dalam lindungan-Nya.",
RitasariiSari,@ayukhanny @puanmaharani_ri Jadikan peringatan ini sebagai suatu hal yang mendamaikan dan memberikan bukti bahwa Islam adalah agama penyayang.,
RitasariiSari,@azkaayulutfiah @puanmaharani_ri Peringatan ini adalah satu di antara tahapan yang pas untuk belajar. Kita bisa meneladani akhlak Nabi dan menyadari bahwa diri ini jauh dari sempurna.,
RitasariiSari,@muhammadd_deni @puanmaharani_ri Nabi Muhammad SAW diajarkan tentang pentingnya berani menghadapi segala tantangan dalam hidup dan bertawakal pada Allah untuk mencapai kemenangan.,
RitasariiSari,"@PertamaPpratama @puanmaharani_ri Perjalanan yang penuh dengan hikmah, Allah memperlihatkan kebesaran-Nya kepada Nabi Muhammad, Semoga kita senantiasa mengikuti jejak beliau.",
PUANnews,"#Warkop di New York Pajang Foto Presiden Sukarno, Puan Maharani Puji si Pemilik - Adatah - Adatah 
#PuanMaharani

https://t.co/6T3LzwZALY","Gatakrejo, Nguter, Sukoharjo"
RitasariiSari,"@artisindo8 @puanmaharani_ri Di dalam Isra Miraj, Nabi melihat keindahan dan kebesaran, kedamaian dan kebahagiaan abadi di dalam surga, Semoga kita juga menjadi penghuni surga di akhirat.",
PertamaPpratama,"@Safitridede1 @puanmaharani_ri Mba Puan The next president RI, Insya Allah..Aamiin yra..",
PertamaPpratama,"@marufali6797 @puanmaharani_ri Nabi dihadapkan pada beberapa ujian, Namun selalu dipenuhi dengan kebesaran Allah.",
PertamaPpratama,"@novylumanauw @puanmaharani_ri Calon pemimpin nomor satuğŸ˜‡, mbak puan maharani",
PertamaPpratama,"@RitasariiSari @puanmaharani_ri mengajarkan tentang pentingnya memelihara hubungan dengan Allah, Kita harus selalu menjalin hubungan dengan Allah melalui ibadah dan doa, Dan memperbanyak amal sholeh untuk mendapat keridhaan-Nya.",
PertamaPpratama,"@ayukhanny @puanmaharani_ri Perjalanan yang memperlihatkan kekuasaan Allah, Sehingga kita harus selalu mengingat kebesaran-Nya, Dan berusaha untuk memperbanyak amal sholeh.",
PertamaPpratama,"@azkaayulutfiah @puanmaharani_ri Perjalanan spiritual yang teramat indah, Nabi Muhammad mendapat kebesaran dan kemuliaan, Semoga kita juga meraih keberkahan hidup.",
PertamaPpratama,@DedigDedigt @puanmaharani_ri Semoga kita selalu meneladani sifat dan prilaku Nabi dalam kehidupan sehari-hari.,
PertamaPpratama,"@artisindo8 @puanmaharani_ri Di Isra Miraj, Nabi bersua dengan para nabi. Selalu mengajarkan kebaikan, mengingatkan kemanusiaan, Semoga kita tetap selalu mengikuti jalan kebenaran.",
